cabinet_proportion,seats_proportion,caretaker,sq_cabinet,sq_pm,miw_proportion,banzhaf,shapley,splus,left_rightx,left_righty,prime_minister,party_count,post_election,enpp,mingov,bicameral,lag_largest_parl,lag_largest_cab,B,B_star,C,D,E
0,0.045845274,0,0,0,0.06666667,0.054545455,0.052380953,0.037114386,3.3733334,,0,7,1,4.293757,1,0,0,0,0,0,0,1,0
0.5,0.3968254,0,1,1,0.40000001,0.5,0.5,0.45831084,6.9444444,,1,5,1,3.6246576,0,0,1,1,1,0,0,0,0
0,0.083333336,0,0,0,0.11111111,0.07692308,0.06666667,0.051241543,1.5789474,,0,5,1,3.8961039,0,0,0,0,1,0,0,0,0
0,0.095238097,0,0,0,0.2,0.16666667,0.16666667,0.12125787,1.4473684,,0,5,1,3.454308,0,0,0,0,1,0,0,0,0
0.53333336,0.34999999,0,1,1,0.33333334,0.38461539,0.40000001,0.37944207,6.7105263,,1,5,1,3.8961039,0,0,1,1,1,0,0,0,0
0,0.36621824,0,1,1,0.2,0.16666667,0.16666667,0.14481552,6.1757778,6.7,0,6,1,3.3013034,0,1,0,1,1,0,0,0,0
0.21428572,0.091210611,0,1,0,0.33333334,0.33333334,0.33333334,0.25255474,2.8744444,2.8,0,6,1,3.376034,0,1,0,0,0,0,1,0,0
0,0.11666667,0,0,0,0.2,0.16666667,0.16666667,0.12029131,1.5789474,,0,5,1,3.8054969,0,0,0,0,1,0,0,0,0
0.5625,0.28415301,0,1,0,0.33333334,0.33333334,0.33333334,0.31424025,6.3666666,5.8,0,5,1,3.7280419,0,1,0,0,0,0,1,0,0
0,0.13333334,0,0,0,0.18181819,0.15384616,0.16666667,0.14841659,9.2444444,9.4,0,7,1,4.2347178,1,0,0,0,1,0,0,0,0
0.45454547,0.15873016,0,1,0,0.2,0.16666667,0.16666667,0.14102757,4.4444444,,0,5,1,3.7764034,0,0,0,0,1,0,0,0,0
0,0.0060606059,0,0,0,0.090909094,0.027027028,0.047619049,0.011187691,,,0,7,1,2.8921075,1,1,0,0,1,1,0,0,0
0,0.030120483,0,0,0,0.090909094,0.027027028,0.047619049,0.031348769,2.031579,,0,8,1,3.3368855,0,1,0,0,1,0,0,0,0
0,0.22404371,0,0,0,0.33333334,0.33333334,0.33333334,0.30255806,8.2955556,6.8,0,5,1,3.4858956,0,1,0,0,0,0,1,0,0
0,0.091304347,0,0,0,0.22222222,0.23076923,0.23333333,0.18752125,7.935,,0,5,1,3.13166,1,0,0,0,1,0,0,0,0
0,0.26857144,0,0,0,0.2631579,0.27586207,0.29523811,0.27029535,3.8689841,3.8,0,8,1,5.1061354,1,0,0,0,0,0,0,1,0
0.58823532,0.42076501,0,0,0,0.33333334,0.33333334,0.33333334,0.31720996,6.3666666,5.8,0,4,1,2.633404,0,1,0,0,0,0,1,0,0
0,0.057306591,0,0,0,0.11111111,0.050000001,0.06666667,0.051401526,3.3733334,,0,6,1,3.665062,1,0,0,0,1,1,0,0,0
0,0.029585799,0,0,0,0.11764706,0.069767445,0.085714288,0.058340356,,,0,7,1,3.0063276,0,1,0,0,1,0,0,0,0
0.5714286,0.37869823,0,1,1,0.36363637,0.46153846,0.46666667,0.43794692,3.2388889,3,1,7,1,4.0667806,0,0,1,1,1,0,0,0,0
0.40000001,0.25125629,0,1,0,0.2631579,0.30769232,0.30952382,0.29363957,7.1597778,7.2,0,9,1,5.1308365,0,0,0,0,0,0,0,1,0
0,0.083333336,0,0,0,0.11111111,0.07692308,0.06666667,0.051091559,6.3157895,,0,5,1,3.8961039,0,0,0,0,1,0,0,0,0
0,0.098360658,0,1,0,0.33333334,0.33333334,0.33333334,0.31392694,8.2955556,6.8,0,4,1,2.633404,0,1,0,0,0,0,1,0,0
0,0.35217392,0,0,0,0.22222222,0.23076923,0.23333333,0.21660167,6.1769444,,0,5,1,3.13166,1,0,0,0,1,0,0,0,0
0,0.024242423,0,0,0,0.10344828,0.04878049,0.071428575,0.052325204,1.8888889,,0,9,1,2.9926152,1,1,0,0,1,0,0,0,0
0.42857143,0.36000001,0,1,1,0.29411766,0.34588236,0.3718254,0.35640135,5.8017777,5.7,1,9,1,3.7525017,0,1,1,1,1,0,0,0,0
0,0.064275034,0,1,0,0.2,0.16666667,0.16666667,0.12618405,5.8064444,5.1,0,6,1,3.3013034,0,1,0,0,1,0,0,0,0
0.53333336,0.32786885,0,1,0,0.33333334,0.33333334,0.33333334,0.28412992,6.3666666,5.8,0,4,1,2.9930289,0,1,0,0,0,0,1,0,0
0,0.065217391,0,0,0,0.2,0.16666667,0.16666667,0.12483919,7.935,,0,5,1,2.5572851,1,0,0,0,1,0,0,0,0
0,0.12698413,0,1,0,0.14285715,0.13333334,0.13333334,0.11806605,2.2222222,,0,7,1,5.3418574,0,0,0,0,0,0,0,0,1
0,0.048710603,0,0,0,0.06666667,0.054545455,0.052380953,0.037319362,6.1551111,5.5,0,7,1,4.293757,1,0,0,0,0,0,0,1,0
0.41666666,0.19047619,0,1,0,0.33333334,0.33333334,0.33333334,0.28784621,3.8888889,,0,5,1,3.7128158,0,0,0,0,0,0,1,0,0
0,0.11111111,0,1,0,0.2,0.16666667,0.16666667,0.12627737,3.8888889,,0,5,1,3.6246576,0,0,0,0,1,0,0,0,0
0,0.22950819,0,0,0,0.33333334,0.33333334,0.33333334,0.31424025,8.2955556,6.8,0,5,1,3.7280419,0,1,0,0,0,0,1,0,0
0,0.0060606059,0,0,0,0.090909094,0.027027028,0.047619049,0.010462763,,,0,7,1,2.8921075,1,1,0,0,1,1,0,0,0
0.25,0.07025411,0,0,0,0.2,0.16666667,0.16666667,0.14100757,2.8744444,2.8,0,6,1,3.3013034,0,1,0,0,1,0,0,0,0
0.8888889,0.45652175,0,0,0,0.34999999,0.46000001,0.46666667,0.44477051,6.1769444,,1,6,1,2.5742092,0,0,0,0,1,0,0,0,0
0,0.31746033,0,0,0,0.33333334,0.33333334,0.33333334,0.2996617,4.2982458,,0,5,1,3.7128158,0,0,0,0,0,0,1,0,0
0,0.094555877,0,0,0,0.13333334,0.086956523,0.10476191,0.083869472,7.0141667,,0,7,1,4.2252402,1,0,0,0,1,0,0,0,0
1,0.46131805,0,0,0,0.45454547,0.83783782,0.71428573,0.69193554,3.3653333,2.9,1,7,1,3.5041573,1,0,1,0,1,1,0,0,0
0.11764706,0.036585364,0,0,0,0.14285715,0.090909094,0.1,0.074579328,7.9902778,,0,8,1,2.9687567,1,1,0,0,1,0,0,0,0
0,0.38260868,0,1,1,0.2,0.16666667,0.16666667,0.12485585,6.1769444,,0,5,1,2.5572851,1,0,1,1,1,0,0,0,0
0.5,0.41269842,0,1,1,0.40000001,0.5,0.5,0.4577409,6.9444444,,1,5,1,3.454308,0,0,1,1,1,0,0,0,0
0,0.16969697,0,1,1,0.18181819,0.15384616,0.16666667,0.14703733,7.7388889,7.7,0,8,1,4.0411162,1,0,0,0,1,0,0,0,0
0,0.038251366,0,0,0,0.14285715,0.14285715,0.13333334,0.1039996,8.83,,0,5,1,3.3789728,0,1,0,0,0,0,0,1,0
0,0.19393939,0,1,0,0.18181819,0.15384616,0.16666667,0.14703733,5.3055556,5.8,0,8,1,4.0411162,1,0,0,0,1,0,0,0,0
0.2631579,0.088757396,0,0,0,0.13333334,0.12727273,0.11904762,0.089648895,1.4611111,1.2,0,7,1,4.5617313,0,0,0,0,0,0,0,1,0
1,0.44699141,0,1,1,0.44444445,0.75,0.66666669,0.62571412,3.3653333,2.9,1,6,1,3.665062,1,0,1,1,1,1,0,0,0
1,0.5,0,1,1,0.5,0.8611111,0.83333331,0.7914592,4.0527778,,1,6,1,2.6131198,1,0,1,1,1,1,0,0,0
0,0.18032786,0,0,0,0.33333334,0.33333334,0.33333334,0.28412992,8.2955556,6.8,0,4,1,2.9930289,0,1,0,0,0,0,1,0,0
0,0.14285715,0,0,0,0.2,0.16666667,0.16666667,0.13886945,2.2222222,,0,5,1,3.7764034,0,0,0,0,1,0,0,0,0
0.125,0.024242423,0,0,0,0.10344828,0.04878049,0.071428575,0.052322704,7.9902778,,0,9,1,2.9926152,1,1,0,0,1,0,0,0,0
0,0.060606062,0,0,0,0.090909094,0.07692308,0.06666667,0.050821941,9.2444444,9.4,0,8,1,4.0411162,1,0,0,0,1,0,0,0,0
0,0.015873017,0,0,0,0.047619049,0.033333331,0.033333331,0.016302895,,,0,7,1,5.3418574,0,0,0,0,0,0,0,0,1
0,0.059171598,0,0,0,0.090909094,0.07692308,0.06666667,0.051007278,6.1333333,6.1,0,7,1,4.0667806,0,0,0,0,1,0,0,0,0
0,0.1221865,0,0,0,0.2,0.16666667,0.16666667,0.13022031,1.1830556,,0,6,0,4.8344789,0,1,0,0,1,0,0,0,0
0.5714286,0.28415301,0,1,0,0.33333334,0.33333334,0.33333334,0.30255806,6.3666666,5.8,0,5,1,3.4858956,0,1,0,0,0,0,1,0,0
0.83333331,0.4375,0,1,1,0.40000001,0.5,0.5,0.47379762,6.1757778,6.7,1,6,1,3.4458909,0,1,1,1,1,0,0,0,0
0.54545456,0.3968254,0,1,1,0.38461539,0.54166669,0.53333336,0.4943839,6.9444444,,1,6,1,3.9492538,0,0,1,1,1,0,0,0,0
0.63157892,0.31666666,0,1,1,0.33333334,0.38461539,0.40000001,0.37912375,6.7105263,,1,6,0,4.3373494,0,0,1,1,1,0,0,0,0
0,0.05652174,0,0,0,0.2,0.16666667,0.16666667,0.12469753,2.9222222,,0,5,1,2.5572851,1,0,0,0,1,0,0,0,0
0,0.024390243,0,1,0,0.06666667,0.06666667,0.057142857,0.033758767,1.8888889,,0,7,0,3.4969542,0,1,0,0,1,0,0,0,0
0,0.025993884,0,0,0,0.2,0.16666667,0.16666667,0.1325684,1.1830556,,0,6,1,3.1724627,0,1,0,0,1,1,0,0,0
0,0.20634921,0,1,0,0.2,0.16666667,0.16666667,0.14177749,3.8888889,,0,5,1,3.7764034,0,0,0,1,1,0,0,0,0
0,0.11111111,0,1,0,0.15384616,0.125,0.13333334,0.11742493,4.4444444,,0,6,1,3.9492538,0,0,0,0,1,0,0,0,0
0,0.41127694,0,0,0,0.33333334,0.33333334,0.33333334,0.30080825,6.1757778,6.7,0,6,1,3.376034,0,1,0,0,0,0,1,0,0
0.06666667,0.1010101,0,1,0,0.06818182,0.040909089,0.04404762,0.041092318,2.3719444,,0,10,1,5.1506567,0,0,0,0,0,0,0,0,1
0,0.013333334,0,0,0,0.014925373,0.015495868,0.016666668,0.013557454,,,0,10,1,5.5391431,0,1,0,0,0,0,0,0,1
0.083333336,0.046031747,0,,,0.046325877,0.054465175,0.046298984,0.046309721,5.9066667,,0,21,1,7.6707511,0,1,0,0,0,0,0,0,1
0,0.022857143,0,1,0,0.028571429,0.020408163,0.01904762,0.01660691,5.8095237,6.2,0,9,1,4.5558085,1,0,0,0,1,0,0,0,0
0,0.22666667,0,1,1,0.21428572,0.22690763,0.22882396,0.22957449,5.8017777,5.7,0,12,1,5.4164662,0,1,1,1,0,0,0,0,1
0.06666667,0.055555556,0,1,0,0.06818182,0.040909089,0.04404762,0.040465001,3.7008333,,0,10,1,5.1506567,0,0,0,0,0,0,0,0,1
0,0.010050251,0,0,0,0.011764706,0.002304147,0.001587302,0.0057161348,,,0,11,1,4.8971596,0,0,0,0,1,0,0,0,0
0,0.1952381,0,0,0,0.19262294,0.18897243,0.19646464,0.19588752,6.9677778,,0,11,1,6.0889177,1,1,0,0,0,0,0,0,1
0.11764706,0.055276383,0,1,0,0.063829787,0.040358745,0.037301589,0.037486807,6.3257778,6.1,0,10,1,5.2452135,0,0,0,0,0,0,0,1,0
0.25,0.12079511,0,1,0,0.2,0.16666667,0.16666667,0.1629487,5.8064444,5.1,0,6,1,3.1724627,0,1,0,0,1,1,0,0,0
0,0.013333334,0,0,0,0.020408163,0.019076305,0.018506493,0.017627984,1.2425,0.6,0,12,1,5.4164662,0,1,0,0,0,0,0,0,1
0.2,0.079999998,0,1,0,0.079999998,0.074265979,0.07344877,0.074756429,5.5811111,6.3,0,11,1,8.0299788,0,1,0,0,0,0,0,0,1
0,0.012718601,0,0,0,0.019277109,0.012825817,0.0089882342,0.0096665993,0.5,0.5,0,14,1,4.0743632,0,1,0,0,1,0,0,0,0
0,0.025437202,0,0,0,0.025437202,0.021287145,0.020669607,0.020748707,2.6337037,,0,16,1,5.7116132,0,1,0,0,0,0,0,0,1
0,0.035175879,0,0,0,0.04255319,0.031390134,0.03015873,0.025455391,6.3916667,5.8,0,10,1,5.2452135,0,0,0,0,0,0,0,1,0
0.31578946,0.13333334,0,0,0,0.14285715,0.15254237,0.15238096,0.140183,6.1333333,6.1,1,8,1,5.3518772,1,0,0,0,0,0,0,0,1
0,0.37249285,0,1,1,0.34782609,0.44444445,0.43809524,0.42965895,3.3653333,2.9,0,7,1,4.1492419,0,0,1,1,0,0,0,1,0
0.14285715,0.07333333,0,0,0,0.07333333,0.075060531,0.073989898,0.070342429,2.9113333,4.5,0,11,1,9.050684,0,1,0,0,0,0,0,0,1
0.083333336,0.059999999,1,1,0,0.059999999,0.057166878,0.056421354,0.056961533,5.5811111,6.3,0,12,1,8.4206591,1,1,0,0,0,0,0,0,1
0,0.013333334,0,0,0,0.020408163,0.019076305,0.018506493,0.01793937,8.1444444,9,0,12,1,5.4164662,0,1,0,0,0,0,0,0,1
0,0.30909091,0,0,0,0.090909094,0.027027028,0.047619049,0.050667077,6.4893333,6.8,0,7,1,2.8921075,1,1,0,1,1,1,0,0,0
0,0.31428573,0,0,0,0.31428573,0.3859649,0.3952381,0.38727471,3.8689841,3.8,0,9,1,5.544385,1,0,1,0,0,0,0,1,0
0,0.0066666668,1,0,0,0.0066666668,0.0084068943,0.008008658,0.0068894369,,,0,12,1,8.4206591,1,1,0,0,0,0,0,0,1
0.72000003,0.43333334,0,1,1,0.40000001,0.5869565,0.56666666,0.55901241,6.7105263,,1,6,1,3.6290324,0,0,1,1,1,0,0,0,0
0,0.0086956518,0,0,0,0.050000001,0.02,0.016666668,0.017191613,2.1710526,,0,6,1,2.5742092,0,0,0,0,1,0,0,0,0
0.15384616,0.089622639,0,1,0,0.089622639,0.08576642,0.08293651,0.083090372,5.5811111,6.3,0,11,1,7.1317043,0,1,0,0,0,0,0,0,1
0,0.0050251256,0,0,0,0.011764706,0.002304147,0.001587302,0.002933,4.75,,0,11,1,4.8971596,0,0,0,0,1,0,0,0,0
0,0.14666666,0,1,0,0.21568628,0.25647059,0.25634921,0.24482761,7.2037778,7.4,0,9,1,3.7525017,0,1,0,0,1,0,0,0,0
0,0.0066666668,0,0,0,0.019607844,0.0070588239,0.0051587299,0.0070016412,9.4097222,,0,9,1,3.7525017,0,1,0,0,1,0,0,0,0
0,0.013333334,0,0,0,0.039215688,0.011764706,0.0087301591,0.013281251,8.1444444,9,0,9,1,3.7525017,0,1,0,0,1,0,0,0,0
0,0.02,0,0,0,0.02238806,0.023760332,0.02420635,0.020051289,4.4204445,4.4,0,10,1,5.5391431,0,1,0,0,0,0,0,0,1
0,0.005050505,0,0,0,0.022727273,0.0045454549,0.0059523811,0.0043569449,6.3916667,5.8,0,10,1,5.1506567,0,0,0,0,0,0,0,0,1
0,0.012738854,0,0,0,0.06818182,0.047169812,0.040476192,0.030441599,,,0,9,1,3.0750279,0,1,0,0,1,0,0,0,0
0,0.30769232,0,0,0,0.11764706,0.069767445,0.085714288,0.09619157,6.4893333,6.8,0,7,1,3.0063276,0,1,0,0,1,0,0,0,0
0,0.060109291,0,0,0,0,0,0,0.012728727,4.8805555,,0,5,1,3.7280419,0,1,0,0,0,0,1,0,0
0,0.06666667,0,0,0,0.06666667,0.061553031,0.057142857,0.058761742,4.4204445,4.4,0,10,1,6.7446041,1,1,0,0,0,0,0,0,1
0,0.14666666,0,1,0,0.13432837,0.11260331,0.11031746,0.11476741,7.2037778,7.4,0,10,1,5.5391431,0,1,0,0,0,0,0,0,1
0,0.0094339624,0,0,0,0.0094339624,0.0082116788,0.007539683,0.0088038351,9.7272223,9.8,0,11,1,7.1317043,0,1,0,0,0,0,0,0,1
0,0.33333334,0,0,0,0.10344828,0.04878049,0.071428575,0.074371211,6.4893333,6.8,0,9,1,2.9926152,1,1,0,1,1,0,0,0,0
0,0.10849056,0,1,0,0.10849056,0.10766423,0.10714286,0.10475884,6.8551111,7.6,0,11,1,7.1317043,0,1,0,0,0,0,0,0,1
0,0.13939394,0,0,0,0.14285715,0.15254237,0.15238096,0.14173976,1.4611111,1.2,0,8,1,5.3518772,1,0,0,0,0,0,0,0,1
0,0.22613065,0,0,0,0.21052632,0.28846154,0.26190478,0.25877115,3.4931111,3,0,9,1,5.1308365,0,0,0,0,0,0,0,1,0
0.33333334,0.26633167,0,0,0,0.24242425,0.28909951,0.28968254,0.2948263,7.1597778,7.2,1,10,1,4.9480457,0,0,0,0,0,0,0,1,0
0,0.063492067,0,0,0,0.11111111,0.07692308,0.06666667,0.055707764,,,0,5,1,4.1822972,0,0,0,0,1,0,0,0,0
0,0.02,0,0,0,0.029411765,0.0093896706,0.0099206353,0.011283792,6.315,,0,9,1,4.7448335,0,1,0,0,0,0,0,1,0
0.25806451,0.14944357,0,1,0,0.19759037,0.21238449,0.22143134,0.22099021,3.7722222,3.1,0,14,1,4.0743632,0,1,0,0,1,0,0,0,0
0,0.022857143,0,1,0,0.028571429,0.01754386,0.014285714,0.018171396,5.8095237,6.2,0,9,1,5.544385,1,0,0,0,0,0,0,1,0
0,0.09142857,0,0,0,0.085714288,0.070175439,0.06666667,0.071551062,9.0063492,8.7,0,9,1,5.544385,1,0,0,0,0,0,0,1,0
0.33333334,0.22289157,0,0,0,0.14285715,0.090909094,0.1,0.096791752,3.6788889,3.6,0,7,1,3.4557312,0,1,0,0,1,0,0,0,0
0.2,0.15333334,1,1,0,0.15333334,0.15514994,0.15685426,0.15636802,6.8216666,7.6,0,11,1,7.9113922,1,1,0,0,0,0,0,0,1
0,0.023529412,0,0,0,0.03846154,0.017241379,0.014285714,0.014749477,1,,0,9,1,5.5655723,1,0,0,0,0,0,0,1,0
0.31578946,0.21105528,0,0,0,0.20689656,0.21538462,0.21904762,0.20423529,3.4931111,3,0,9,1,5.830904,0,0,0,0,0,0,0,0,1
0,0.28139904,0,0,0,0.19759037,0.21238449,0.22143134,0.22107492,1.6,1.6,0,14,1,4.0743632,0,1,0,0,1,0,0,0,0
0,0.0066666668,0,0,0,0.0066666668,0.0080710249,0.0077200579,0.0085178213,9.8888893,,0,11,1,9.050684,0,1,0,0,0,0,0,0,1
0,0.0031847134,0,0,0,0.045454547,0.028301887,0.02142857,0.0068175332,5.4000001,,0,9,1,3.0750279,0,1,0,0,1,0,0,0,0
0,0.2647059,0,0,0,0.26923078,0.27586207,0.29523811,0.28718701,3.8689841,3.8,0,9,1,5.5655723,1,0,0,0,0,0,0,1,0
0,0.016666668,0,0,0,0.033333335,0.009708738,0.0095238099,0.010964618,,,0,7,0,3.7735848,0,0,0,0,1,0,0,0,0
0,0.054545455,0,0,0,0.057142857,0.03125,0.026190476,0.027571648,1.4611111,1.2,0,8,1,4.3608842,1,0,0,0,1,0,0,0,0
0,0.0095693776,0,0,0,0.011173184,0.010383413,0.0087468093,0.008365063,2.9824561,,0,17,1,5.0764861,0,1,0,0,0,0,0,1,0
0,0.083061889,0,1,0,0.14285715,0.14285715,0.13333334,0.13331333,2.8744444,2.8,0,6,1,4.0520649,0,1,0,0,0,0,0,1,0
0,0.028571429,0,,,0.028753994,0.031579666,0.026876507,0.026923299,5,,0,21,1,7.6707511,0,1,0,0,0,0,0,0,1
0,0.11323764,0,1,0,0.13221602,0.1209382,0.12305472,0.12389226,7.9855557,,0,17,1,5.0764861,0,1,0,0,0,0,0,1,0
0,0.059999999,0,0,0,0.060606062,0.055084746,0.060714286,0.058126133,1.2425,0.6,0,10,0,5.7929969,0,1,0,0,0,0,0,0,1
0,0.34554139,0,1,1,0.18181819,0.16037735,0.17380953,0.16991766,2.95,,0,9,1,3.0750279,0,1,0,0,1,0,0,0,0
0,0.22328548,0,1,1,0.17690875,0.12866695,0.16700521,0.1675715,6.9677778,,0,17,1,5.0764861,0,1,1,1,0,0,0,1,0
0,0.0095238099,0,0,0,0.0095846644,0.01050221,0.0086727133,0.0086791357,,,0,21,1,7.6707511,0,1,0,0,0,0,0,0,1
0,0.035175879,0,0,0,0.06666667,0.037037037,0.03809524,0.029154345,7.2257778,6.8,0,9,1,4.9297509,0,0,0,0,0,0,0,1,0
0,0.0060606059,0,0,0,0.034482758,0.012195122,0.011904762,0.012892123,1.3333334,,0,9,1,2.9926152,1,1,0,0,1,0,0,0,0
0.52941179,0.36666667,0,1,1,0.30000001,0.33980581,0.3595238,0.36630407,6.7105263,,1,7,0,3.7735848,0,0,1,1,1,0,0,0,0
0,0.050251257,0,0,0,0.04255319,0.031390134,0.03015873,0.034605429,3.7008333,,0,10,1,5.2452135,0,0,0,0,0,0,0,1,0
0.28,0.23333333,0,0,0,0.2,0.16666667,0.16666667,0.1669783,3.9473684,,0,5,1,3.8054969,0,0,0,0,1,0,0,0,0
0.14285715,0.12666667,0,1,0,0.12666667,0.12832929,0.12914863,0.12824565,3.1588889,2.5,0,11,1,9.050684,0,1,0,0,0,0,0,0,1
0.15789473,0.012121212,0,0,0,0.047619049,0.016949153,0.01904762,0.01016815,4.7,4,0,8,1,5.3518772,1,0,0,0,0,0,0,0,1
0,0.027914613,0,0,0,0.033232629,0.027478447,0.022655124,0.020447314,2.6337037,,0,12,1,5.3029213,0,1,0,0,0,0,0,1,0
0.33333334,0.12571429,0,1,0,0.11428571,0.10526316,0.095238097,0.10826144,7.2685714,6.7,0,9,1,5.544385,1,0,0,0,0,0,0,1,0
0,0.083333336,0,0,0,0.11111111,0.07692308,0.06666667,0.057147618,1.5789474,,0,6,0,4.3373494,0,0,0,0,1,0,0,0,0
0,0.055643879,0,0,0,0.084337346,0.065094471,0.0504773,0.049997438,9.1777778,9.1,0,14,1,4.0743632,0,1,0,0,1,0,0,0,0
0,0.039999999,0,0,0,0.078431375,0.044705883,0.038492061,0.039470773,2.0366666,,0,9,1,3.7525017,0,1,0,0,1,0,0,0,0
0.10526316,0.070351757,0,0,0,0.10344828,0.10769231,0.10476191,0.098389685,2.3719444,,0,9,1,5.830904,0,0,0,0,0,0,0,0,1
0.35714287,0.24666667,0,1,0,0.24489796,0.27459839,0.27370131,0.27333561,3.5371111,2.6,1,12,1,5.4164662,0,1,0,0,0,0,0,0,1
0,0.057324842,0,0,0,0.11363637,0.10377359,0.08809524,0.10286126,6.1666667,,0,9,1,3.0750279,0,1,0,0,1,0,0,0,0
0,0.053333335,1,0,0,0.053333335,0.051716644,0.0512987,0.05076012,2.9113333,4.5,0,11,1,7.9113922,1,1,0,0,0,0,0,0,1
0,0.074285716,0,0,0,0.09589041,0.083700441,0.080158733,0.076280028,2.1851429,1.9,0,11,1,4.9195457,1,0,0,0,0,0,0,1,0
0,0.04292528,0,1,0,0.04292528,0.035375986,0.03430042,0.033543408,4.9703704,4.8,0,16,1,5.7116132,0,1,0,0,0,0,0,0,1
0,0.095238097,0,0,0,0.095238097,0.1,0.1,0.090608798,2.2222222,,0,7,1,5.3418574,0,0,0,0,0,0,0,0,1
0.75,0.35632184,0,0,0,0.32432431,0.39545456,0.42023811,0.41784239,3.8689841,3.8,1,10,1,4.7334909,1,0,1,1,1,0,0,0,0
0.19047619,0.065088756,0,1,0,0.090909094,0.07692308,0.06666667,0.058101572,1.4611111,1.2,0,7,1,4.0667806,0,0,0,0,1,0,0,0,0
0,0.013333334,0,0,0,0.014925373,0.015495868,0.016666668,0.013233002,8.4472222,9.2,0,10,1,5.5391431,0,1,0,0,0,0,0,0,1
0,0.0066666668,0,0,0,0.011111111,0.0088495584,0.0083333328,0.0083762659,6.4292222,6.8,0,10,1,7.0268583,0,1,0,0,0,0,0,0,1
0,0.0060606059,0,0,0,0,0,0,0.0054033878,4.7,4,0,8,1,4.0411162,1,0,0,0,1,0,0,0,0
0,0.033333335,0,0,0,0.046296295,0.025171624,0.023412699,0.023134513,1.2425,0.6,0,9,1,4.8138638,0,1,0,0,0,0,0,1,0
0,0.33536586,0,0,0,0.14285715,0.090909094,0.1,0.097138979,6.4893333,6.8,0,8,1,2.9687567,1,1,0,0,1,0,0,0,0
0.13333334,0.055276383,0,1,0,0.05882353,0.039170507,0.03015873,0.034533571,6.3257778,6.1,0,11,1,4.8971596,0,0,0,0,1,0,0,0,0
0,0.033333335,0,1,0,0.033333335,0.029356061,0.026984127,0.0281948,6.315,,0,10,1,6.7446041,1,1,0,0,0,0,0,0,1
0,0.22922637,0,1,1,0.090909094,0.027027028,0.047619049,0.056565773,7.7642222,7.7,0,7,1,3.5041573,1,0,0,1,1,1,0,0,0
0,0.025125628,0,0,0,0.030303031,0.014218009,0.015873017,0.017069563,7.2257778,6.8,0,10,1,4.9480457,0,0,0,0,0,0,0,1,0
0,0.0086956518,0,0,0,0.1,0.027777778,0.033333331,0.022551078,1.95,,0,6,1,2.6131198,1,0,0,0,1,1,0,0,0
0,0.12034384,0,0,0,0.13333334,0.12727273,0.11904762,0.12720537,7.0141667,,0,7,1,4.293757,1,0,0,0,0,0,0,1,0
0.11538462,0.075471699,0,0,0,0.075471699,0.075729929,0.072619051,0.071916133,6.4292222,6.8,0,11,1,7.1317043,0,1,0,0,0,0,0,0,1
0,0.068571426,0,0,0,0.085714288,0.06122449,0.057142857,0.055164006,9.0063492,8.7,0,9,1,4.5558085,1,0,0,0,1,0,0,0,0
0,0.13529412,0,0,0,0.11538462,0.12068965,0.10952381,0.12166498,2.1851429,1.9,0,9,1,5.5655723,1,0,0,0,0,0,0,1,0
0,0.043478262,0,0,0,0.15000001,0.14,0.13333334,0.1183365,2.9222222,,0,6,1,2.5742092,0,0,0,0,1,0,0,0,0
0,0.22485207,0,0,0,0.2,0.16363636,0.18571429,0.17835836,9.2444444,9.4,0,7,1,4.5617313,0,0,0,0,0,0,0,1,0
0,0.087947883,0,0,0,0.14285715,0.14285715,0.13333334,0.13331333,1.1830556,,0,6,1,4.0520649,0,1,0,0,0,0,0,1,0
0,0.0060606059,0,0,0,0.028571429,0.010416667,0.0071428572,0.0033495461,,,0,8,1,4.3608842,1,0,0,0,1,0,0,0,0
0.2857143,0.16,0,0,0,0.1122449,0.071285143,0.080952384,0.087824062,4.4204445,4.4,0,12,1,5.4164662,0,1,0,0,0,0,0,0,1
0.47058824,0.27638191,0,0,0,0.27659574,0.31838566,0.33492064,0.32634804,5.8053333,5.2,1,10,1,5.2452135,0,0,0,0,0,0,0,1,0
0,0.051575933,0,0,0,0.090909094,0.027027028,0.047619049,0.048699893,3.3733334,,0,7,1,3.5041573,1,0,0,0,1,1,0,0,0
0,0.38181818,0,1,1,0.36363637,0.46153846,0.46666667,0.470961,3.2388889,3,0,7,1,4.2347178,1,0,1,1,1,0,0,0,0
0.27272728,0.15873016,0,1,0,0.14285715,0.13333334,0.13333334,0.14689317,4.4444444,,0,7,1,5.3418574,0,0,0,0,0,0,0,0,1
0.2631579,0.084848486,0,0,0,0.090909094,0.07692308,0.06666667,0.065134913,6.1333333,6.1,0,7,1,4.2347178,1,0,0,0,1,0,0,0,0
0,0.013333334,0,0,0,0.013333334,0.0085227266,0.007539683,0.01156182,,,0,10,1,6.7446041,1,1,0,0,0,0,0,0,1
0.125,0.048192769,0,1,0,0.090909094,0.027027028,0.047619049,0.03872446,7.9902778,,0,8,1,3.3368855,0,1,0,0,1,0,0,0,0
0,0.22110553,0,1,1,0.2,0.218894,0.22619048,0.22531207,5.8053333,5.2,0,11,1,4.8971596,0,0,1,1,1,0,0,0,0
0,0.055555556,0,0,0,0.057377048,0.051629074,0.050036076,0.051517952,0.95500001,,0,11,1,6.0889177,1,1,0,0,0,0,0,0,1
0,0.39428571,0,1,1,0.37142858,0.55102038,0.52380955,0.51587081,3.8689841,3.8,0,9,1,4.5558085,1,0,1,0,1,0,0,0,0
0.055555556,0.025396826,0,1,0,0.028688524,0.019548872,0.016702741,0.018602356,2.6337037,,0,11,1,6.0889177,1,1,0,0,0,0,0,0,1
0.19047619,0.093333334,0,1,0,0.093333334,0.091202579,0.091053389,0.091216691,3.3017778,2.9,0,11,1,9.050684,0,1,0,0,0,0,0,0,1
0,0.07333333,0,0,0,0.07333333,0.069948189,0.069480516,0.069402285,9.7272223,9.8,0,11,1,8.0299788,0,1,0,0,0,0,0,0,1
0,0.0050251256,0,1,0,0.021276595,0.0044843052,0.0039682542,0.003726969,5.7166667,5.6,0,10,1,5.2452135,0,0,0,0,0,0,0,1,0
0.16666667,0.041269843,0,1,0,0.045081966,0.044611529,0.044083696,0.039972916,,,0,11,1,6.0889177,1,1,0,0,0,0,0,0,1
0.07692308,0.027027028,0,1,0,0.027027028,0.022791779,0.022981185,0.022177795,6.45,5.9,0,16,1,5.7116132,0,1,0,0,0,0,0,0,1
0.2,0.13333334,0,1,0,0.13333334,0.13471502,0.13535354,0.13341834,3.3017778,2.9,0,11,1,8.0299788,0,1,0,0,0,0,0,0,1
0,0.094339624,1,0,0,0.094339624,0.092112176,0.091144964,0.090996541,6.8551111,7.6,0,13,1,8.4133282,0,1,0,0,0,0,0,0,1
0.18181819,0.083094552,0,0,0,0.13043478,0.11111111,0.10476191,0.10283662,5.7886666,5.9,0,7,1,4.1492419,0,0,0,0,0,0,0,1,0
0,0.033333335,0,0,0,0.06666667,0.029126214,0.026190476,0.020868627,,,0,7,0,3.7735848,0,0,0,0,1,0,0,0,0
0,0.06666667,0,0,0,0.06666667,0.029126214,0.026190476,0.034137301,6.3157895,,0,7,0,3.7735848,0,0,0,0,1,0,0,0,0
0.35294119,0.20100503,0,1,0,0.19148937,0.23766816,0.21825397,0.22597963,7.1597778,7.2,0,10,1,5.2452135,0,0,0,0,0,0,0,1,0
0.045454547,0.027113238,0,0,0,0.031657357,0.027722705,0.024037074,0.024371287,4.915,,0,17,1,5.0764861,0,1,0,0,0,0,0,1,0
0,0.11333334,1,0,0,0.11333334,0.109083,0.10883839,0.10984766,9.7272223,9.8,0,11,1,7.9113922,1,1,0,0,0,0,0,0,1
0,0.29714286,0,1,1,0.24242425,0.24576271,0.26904762,0.2709347,3.8689841,3.8,0,9,1,4.6754708,1,0,1,1,0,0,0,1,0
0,0.078787878,0,1,0,0.090909094,0.07692308,0.06666667,0.071759611,6.1333333,6.1,0,8,1,4.0411162,1,0,0,0,1,0,0,0,0
0,0.17011128,0,0,0,0.17011128,0.13324556,0.15463564,0.1575648,2.6291667,,0,16,1,5.7116132,0,1,0,0,0,0,0,0,1
0,0.0060240962,0,0,0,0,0,0,0.00631175,1.3333334,,0,8,1,3.3368855,0,1,0,0,1,0,0,0,0
0,0.020634921,0,,,0.020766772,0.022839658,0.019148085,0.019164817,6,,0,21,1,7.6707511,0,1,0,0,0,0,0,0,1
0,0.24137931,0,1,0,0.1891892,0.18636364,0.19880952,0.19796914,7.2685714,6.7,0,10,1,4.7334909,1,0,0,0,1,0,0,0,0
0,0.18333334,0,0,0,0.23333333,0.28155339,0.27619049,0.27188185,7.3684211,,0,7,0,3.7735848,0,0,0,0,1,0,0,0,0
0,0.015873017,0,,,0.015974442,0.017514503,0.014574869,0.014620658,,,0,21,1,7.6707511,0,1,0,0,0,0,0,0,1
0,0.36544344,0,0,0,0.2,0.16666667,0.16666667,0.1629487,3.5988889,3.3,0,6,1,3.1724627,0,1,1,0,1,1,0,0,0
0.23076923,0.2028302,0,1,1,0.2028302,0.21624088,0.22103174,0.22014111,5.7286666,5.8,1,11,1,7.1317043,0,1,1,1,0,0,0,0,1
0.20833333,0.16,0,1,0,0.15555556,0.15752213,0.15793651,0.15843391,6.8216666,7.6,0,10,1,7.0268583,0,1,0,0,0,0,0,0,1
0,0.095477387,0,0,0,0.08510638,0.049327355,0.04920635,0.047721021,2.3719444,,0,10,1,5.2452135,0,0,0,0,0,0,0,1,0
0,0.014150944,0,0,0,0.014150944,0.012773723,0.011507937,0.012807283,6.1259259,5.6,0,11,1,7.1317043,0,1,0,0,0,0,0,0,1
0,0.092896178,1,0,0,0.2,0.16666667,0.16666667,0.16148385,2.4916667,,0,4,1,2.8832545,0,1,0,0,1,1,0,0,0
0,0.0060606059,0,0,0,0,0,0,0.005261498,,,0,8,1,5.3518772,1,0,0,0,0,0,0,0,1
0,0.0047619049,0,0,0,0.0047923322,0.005230614,0.0042956611,0.004303379,5.4000001,,0,21,1,7.6707511,0,1,0,0,0,0,0,0,1
0,0.047169812,1,0,0,0.047169812,0.045478415,0.044139195,0.044037446,2.9113333,4.5,0,13,1,8.4133282,0,1,0,0,0,0,0,0,1
0.2173913,0.092555329,0,1,0,0.2,0.16666667,0.16666667,0.16671667,5.8064444,5.1,0,5,1,3.4715192,0,1,0,0,1,1,0,0,0
0,0.020100502,0,0,0,0.030303031,0.014218009,0.015873017,0.013287322,,,0,10,1,4.9480457,0,0,0,0,0,0,0,1,0
0,0.080402009,0,0,0,0.060606062,0.023696681,0.027777778,0.03237934,2.1275,1.8,0,10,1,4.9480457,0,0,0,0,0,0,0,1,0
0.40000001,0.25757575,0,1,1,0.25,0.28636363,0.28690475,0.29495123,3.4931111,3,1,10,1,5.1506567,0,0,1,1,0,0,0,0,1
0,0.086666666,1,1,1,0.086666666,0.084068939,0.08340548,0.08329726,6.9802778,7.8,0,12,1,8.4206591,1,1,0,0,0,0,0,0,1
0.36363637,0.2857143,0,0,0,0.2857143,0.33333334,0.33333334,0.33167803,6.9444444,,1,7,1,5.3418574,0,0,1,1,0,0,0,0,1
0,0.1,0,0,0,0.1,0.10511363,0.1031746,0.10134646,1.2425,0.6,0,10,1,6.7446041,1,1,0,0,0,0,0,0,1
0,0.079999998,0,0,0,0.078431375,0.044705883,0.038492061,0.045368996,4.4204445,4.4,0,9,1,3.7525017,0,1,0,0,1,0,0,0,0
0.80000001,0.47337279,0,1,1,0.41176471,0.67441863,0.61904764,0.61117673,5.9926667,6.3,1,7,1,3.0063276,0,1,1,1,1,0,0,0,0
0.5714286,0.32666665,0,0,0,0.21568628,0.25647059,0.25634921,0.26714027,3.5371111,2.6,0,9,1,3.7525017,0,1,0,0,1,0,0,0,0
0.40000001,0.25628141,0,1,1,0.2631579,0.30769232,0.30952382,0.30089432,5.8053333,5.2,1,9,1,5.1308365,0,0,1,1,0,0,0,1,0
0,0.071038254,0,0,0,0,0,0,0.012728727,2.4916667,,0,5,1,3.7280419,0,1,0,0,0,0,1,0,0
0,0.046666667,0,1,0,0.045454547,0.044491526,0.044841271,0.044272318,4.4204445,4.4,0,10,0,5.7929969,0,1,0,0,0,0,0,0,1
0,0.28,0,0,0,0.25,0.29577464,0.30158731,0.29809344,3.5371111,2.6,0,9,1,4.7448335,0,1,0,0,0,0,0,1,0
0,0.1147541,0,0,0,0.14285715,0.14285715,0.13333334,0.14057094,8.2955556,6.8,0,5,1,3.3789728,0,1,0,0,0,0,0,1,0
0,0.041467305,0,1,0,0.048417132,0.043449041,0.03921634,0.038695324,7.6605556,,0,17,1,5.0764861,0,1,0,0,0,0,0,1,0
0.5,0.16571428,0,0,0,0.14285715,0.10204081,0.12380952,0.13069074,7.2685714,6.7,0,9,1,4.5558085,1,0,0,0,1,0,0,0,0
0,0.012121212,0,0,0,0.068965517,0.036585364,0.035714287,0.026170438,2.4211111,,0,9,1,2.9926152,1,1,0,0,1,0,0,0,0
0,0.1,0,0,0,0.1,0.10250202,0.10256132,0.099376552,9.7272223,9.8,0,11,1,9.050684,0,1,0,0,0,0,0,0,1
0,0.35519126,0,1,1,0.33333334,0.33333334,0.33333334,0.33333334,3.6593333,3,0,4,1,3.4071624,0,1,1,1,0,0,1,0,0
0,0.070351757,0,0,0,0.06666667,0.037037037,0.03809524,0.043216035,3.7008333,,0,9,1,4.9297509,0,0,0,0,0,0,0,1,0
0.47058824,0.27638191,0,1,1,0.26666668,0.2962963,0.30476192,0.3119725,5.8053333,5.2,1,9,1,4.9297509,0,0,0,0,0,0,0,1,0
0,0.21666667,0,1,0,0.22222222,0.23076923,0.23333333,0.239986,3.9473684,,0,6,0,4.3373494,0,0,0,0,1,0,0,0,0
0,0.02,0,0,0,0.027777778,0.016018307,0.01626984,0.013834847,8.2962964,9.2,0,9,1,4.8138638,0,1,0,0,0,0,0,1,0
0,0.047169812,1,0,0,0.047169812,0.045478415,0.044139195,0.044098627,6.4292222,6.8,0,13,1,8.4133282,0,1,0,0,0,0,0,0,1
0.72000003,0.40000001,0,1,1,0.40000001,0.5,0.5,0.49954504,6.7105263,,1,5,1,3.8054969,0,0,1,1,1,0,0,0,0
0.41666666,0.11333334,1,0,0,0.11333334,0.11139134,0.11121934,0.11112779,5.7719444,5.8,0,12,1,8.4206591,1,1,0,0,0,0,0,0,1
0.31578946,0.10285714,0,1,0,0.10526316,0.10344828,0.095238097,0.097669281,7.1683492,7.3,0,8,1,5.1061354,1,0,0,0,0,0,0,1,0
0.23809524,0.13207547,1,1,0,0.13207547,0.13097364,0.13212621,0.13284981,3.3017778,2.9,0,13,1,8.4133282,0,1,0,0,0,0,0,0,1
0.06666667,0.11055277,0,0,0,0.10588235,0.076036863,0.06349206,0.069130033,2.3719444,,0,11,1,4.8971596,0,0,0,0,1,0,0,0,0
0,0.13714285,0,0,0,0.14285715,0.14035088,0.13333334,0.12325589,2.1851429,1.9,0,9,1,5.544385,1,0,0,0,0,0,0,1,0
0,0.0015873016,0,0,0,0.0040983604,0.000501253,0.00043290001,0.001251235,,,0,11,1,6.0889177,1,1,0,0,0,0,0,0,1
0,0.0050251256,0,0,0,0.011764706,0.002304147,0.001587302,0.003051758,6.3916667,5.8,0,11,1,4.8971596,0,0,0,0,1,0,0,0,0
0,0.071633235,0,0,0,0.090909094,0.07692308,0.076190479,0.070147984,8.9944444,,0,7,1,4.1926613,1,0,0,0,0,0,0,1,0
0,0.15000001,0,0,0,0.15000001,0.10869565,0.11666667,0.12548412,7.3684211,,0,6,1,3.6290324,0,0,0,0,1,0,0,0,0
0.13333334,0.060301509,0,1,0,0.060606062,0.023696681,0.027777778,0.031992238,6.3257778,6.1,0,10,1,4.9480457,0,0,0,0,0,0,0,1,0
0,0.24242425,0,0,0,0.25,0.28636363,0.28690475,0.27781007,5.8053333,5.2,0,10,1,5.1506567,0,0,0,0,0,0,0,0,1
0.31578946,0.06666667,0,0,0,0.090909094,0.07692308,0.06666667,0.062740155,5.3055556,5.8,0,7,1,4.2347178,1,0,0,0,1,0,0,0,0
0.13333334,0.055555556,0,1,0,0.06818182,0.040909089,0.04404762,0.040530469,6.3257778,6.1,0,10,1,5.1506567,0,0,0,0,0,0,0,0,1
1,0.41260746,0,1,1,0.40000001,0.60869563,0.5714286,0.5802415,3.3653333,2.9,1,7,1,4.2252402,1,0,1,1,1,0,0,0,0
0,0.053333335,0,0,0,0.088888891,0.093805313,0.093650796,0.083382815,5.5811111,6.3,0,10,1,7.0268583,0,1,0,0,0,0,0,0,1
0.096774191,0.027027028,0,1,0,0.040963855,0.027858226,0.02034077,0.021645525,4.6205556,5.4,0,14,1,4.0743632,0,1,0,0,1,0,0,0,0
0.11111111,0.060869563,0,0,0,0.2,0.18000001,0.18333334,0.1910609,7.935,,0,6,1,2.5742092,0,0,0,0,1,0,0,0,0
0,0.02,0,0,0,0.039215688,0.025882352,0.019444443,0.019914875,8.4472222,9.2,0,9,1,3.7525017,0,1,0,0,1,0,0,0,0
0,0.095477387,0,0,0,0.06666667,0.037037037,0.03809524,0.04331531,2.3719444,,0,9,1,4.9297509,0,0,0,0,0,0,0,1,0
0.5,0.31746033,0,1,1,0.33333334,0.38461539,0.40000001,0.38743293,4.2982458,,1,5,1,4.1822972,0,0,0,1,1,0,0,0,0
0.40000001,0.30000001,0,1,1,0.28703704,0.33638445,0.34722221,0.3495158,3.5371111,2.6,1,9,1,4.8138638,0,1,1,1,0,0,0,1,0
0,0.052380953,0,,,0.052715655,0.062594108,0.05377854,0.053584881,4.6266667,,0,21,1,7.6707511,0,1,0,0,0,0,0,0,1
0,0.033333335,0,0,0,0.033333335,0.03195164,0.03138528,0.030927639,6.4292222,6.8,0,11,1,8.0299788,0,1,0,0,0,0,0,0,1
0,0.0079365084,0,,,0.0079872208,0.0087533966,0.0072099431,0.007228428,,,0,21,1,7.6707511,0,1,0,0,0,0,0,0,1
0.045454547,0.065390751,0,0,0,0.076350093,0.070062838,0.061607838,0.061063111,0.95500001,,0,17,1,5.0764861,0,1,0,0,0,0,0,1,0
0.20833333,0.16666667,0,1,0,0.16666667,0.16637169,0.16666667,0.16918014,3.1588889,2.5,0,10,1,7.0268583,0,1,0,0,0,0,0,0,1
0.07692308,0.025437202,0,1,0,0.025437202,0.021287145,0.020669607,0.020719171,4.6205556,5.4,0,16,1,5.7116132,0,1,0,0,0,0,0,0,1
0,0.046178345,0,1,0,0.06818182,0.047169812,0.040476192,0.041780464,4.915,,0,9,1,3.0750279,0,1,0,0,1,0,0,0,0
0,0.23999999,0,0,0,0.1780822,0.13215859,0.16746032,0.16872638,7.2685714,6.7,0,11,1,4.9195457,1,0,0,0,0,0,0,1,0
0,0.090361446,0,0,0,0.14285715,0.090909094,0.1,0.096681759,,,0,7,1,3.4557312,0,1,0,0,1,0,0,0,0
0,0.23495702,0,0,0,0.2,0.16363636,0.18571429,0.17093934,7.7642222,7.7,0,7,1,4.293757,1,0,0,0,0,0,0,1,0
0,0.0066666668,0,0,0,0.010204081,0.0090361452,0.0081168832,0.0095281126,,,0,12,1,5.4164662,0,1,0,0,0,0,0,0,1
0,0.15517241,0,1,1,0.1891892,0.18636364,0.19880952,0.18676358,7.1683492,7.3,0,10,1,4.7334909,1,0,0,0,1,0,0,0,0
0,0.053333335,0,0,0,0.053333335,0.049233254,0.048196249,0.049698029,6.4292222,6.8,0,11,1,9.050684,0,1,0,0,0,0,0,0,1
0,0.11666667,0,0,0,0.11111111,0.07692308,0.06666667,0.060602274,6.3157895,,0,6,0,4.3373494,0,0,0,0,1,0,0,0,0
0,0.14666666,0,1,1,0.14666666,0.14689265,0.14859307,0.1524028,5.7286666,5.8,0,11,1,9.050684,0,1,1,1,0,0,0,0,1
0,0.0015873016,0,0,0,0.0040983604,0.000501253,0.00043290001,0.001217826,,,0,11,1,6.0889177,1,1,0,0,0,0,0,0,1
0,0.0015873016,0,0,0,0.0015974441,0.001754088,0.00142496,0.001639834,,,0,21,1,7.6707511,0,1,0,0,0,0,0,0,1
0,0.12264151,1,0,0,0.12264151,0.12047054,0.12209735,0.12183819,6.9802778,7.8,0,13,1,8.4133282,0,1,0,0,0,0,0,0,1
0,0.078787878,0,0,0,0.090909094,0.07692308,0.06666667,0.071833409,1.4611111,1.2,0,8,1,4.0411162,1,0,0,0,1,0,0,0,0
0,0.022857143,0,0,0,0.02739726,0.022026433,0.019841271,0.021422382,5.8095237,6.2,0,11,1,4.9195457,1,0,0,0,0,0,0,1,0
0.4375,0.35519126,0,1,1,0.33333334,0.33333334,0.33333334,0.34606206,3.6593333,3,1,5,1,3.7280419,0,1,1,1,0,0,1,0,0
0.4375,0.20121951,0,1,0,0.2,0.21904762,0.22380953,0.22112836,3.6788889,3.6,0,7,0,3.4969542,0,1,0,0,1,0,0,0,0
0,0.042979944,0,1,0,0.090909094,0.027027028,0.047619049,0.034031358,7.0141667,,0,7,1,3.5041573,1,0,0,0,1,1,0,0,0
0.5714286,0.29228243,0,0,0,0.28700906,0.34105605,0.35353535,0.35235035,6.9677778,,1,12,1,5.3029213,0,1,0,0,0,0,0,1,0
0,0.014778325,0,0,0,0.01510574,0.010237069,0.0083694076,0.010364231,0.86,,0,12,1,5.3029213,0,1,0,0,0,0,0,1,0
0.14285715,0.049261082,0,0,0,0.054380666,0.049030174,0.045670997,0.043351721,7.6605556,,0,12,1,5.3029213,0,1,0,0,0,0,0,1,0
0,0.13136289,0,0,0,0.12688822,0.11045258,0.1011544,0.1025178,4.0844445,,0,12,1,5.3029213,0,1,0,0,0,0,0,1,0
0,0.22660099,0,1,0,0.21450152,0.2106681,0.23694083,0.23678635,2.6291667,,0,12,1,5.3029213,0,1,1,1,0,0,0,1,0
0,0.0060975607,0,0,0,0,0,0,0.0099991187,,,0,8,1,2.9687567,1,1,0,0,1,0,0,0,0
0,0.079999998,1,0,0,0.079999998,0.074821353,0.073809527,0.076328367,9.7272223,9.8,0,12,1,8.4206591,1,1,0,0,0,0,0,0,1
0.095238097,0.065681443,0,0,0,0.072507553,0.065193966,0.059090909,0.059390608,5.9066667,,0,12,1,5.3029213,0,1,0,0,0,0,0,1,0
0,0.15759312,0,0,0,0.13333334,0.086956523,0.10476191,0.10133106,7.7642222,7.7,0,7,1,4.2252402,1,0,0,0,1,0,0,0,0
0.75,0.48776758,0,1,1,0.40000001,0.5,0.5,0.50929743,6.1757778,6.7,1,6,1,3.1724627,0,1,0,1,1,1,0,0,0
0,0.17301588,0,0,0,0.17252396,0.16073456,0.17451061,0.17433678,2.6291667,,0,21,1,7.6707511,0,1,0,0,0,0,0,0,1
0,0.084507041,0,0,0,0.2,0.16666667,0.16666667,0.16661668,2.8744444,2.8,0,5,1,3.4715192,0,1,0,0,1,1,0,0,0
0.33333334,0.15333334,0,0,0,0.14444445,0.14159292,0.1420635,0.14758381,3.3511111,,0,10,1,7.0268583,0,1,0,0,0,0,0,0,1
0,0.0015898251,0,0,0,0.0024096386,0.001654944,0.001126651,0.001202833,,,0,14,1,4.0743632,0,1,0,0,1,0,0,0,0
0,0.013043478,0,0,0,0.050000001,0.02,0.016666668,0.024495885,1.95,,0,6,1,2.5742092,0,0,0,0,1,0,0,0,0
0.25,0.065902576,0,1,0,0.078431375,0.072580643,0.06428571,0.079111494,5.7886666,5.9,0,8,1,4.5371952,1,0,0,0,0,0,0,1,0
0,0.16666667,0,0,0,0.15671642,0.15599173,0.15000001,0.14952247,1.2425,0.6,0,10,1,5.5391431,0,1,0,0,0,0,0,0,1
0.16666667,0.069940478,0,1,0,0.2,0.16666667,0.16666667,0.15454622,5.8064444,5.1,0,6,1,3.4458909,0,1,0,0,1,0,0,0,0
0,0.042682927,0,0,0,0.14285715,0.090909094,0.1,0.0853623,1.8,1.8,0,8,1,2.9687567,1,1,0,0,1,0,0,0,0
0,0.051428571,0,1,0,0.057142857,0.040816326,0.03809524,0.040395722,5.6089948,5.7,0,9,1,4.5558085,1,0,0,0,1,0,0,0,0
0.31578946,0.22110553,0,1,0,0.20689656,0.21538462,0.21904762,0.22074221,7.1597778,7.2,1,9,1,5.830904,0,0,0,0,0,0,0,0,1
0,0.076502733,0,0,0,0,0,0,0,2.4916667,,0,4,1,3.4071624,0,1,0,0,0,0,1,0,0
0,0.091463417,0,0,0,0.14285715,0.090909094,0.1,0.097138979,3.6788889,3.6,0,8,1,2.9687567,1,1,0,0,1,0,0,0,0
0,0.12,0,0,0,0.088888891,0.093805313,0.093650796,0.094047219,9.7272223,9.8,0,10,1,7.0268583,0,1,0,0,0,0,0,0,1
0.42105263,0.22424242,0,0,0,0.18181819,0.15384616,0.16666667,0.16358674,7.7388889,7.7,1,7,1,4.2347178,1,0,0,0,1,0,0,0,0
0.47058824,0.36807817,0,0,0,0.2857143,0.2857143,0.30000001,0.30002999,6.1757778,6.7,1,6,1,4.0520649,0,1,0,0,0,0,0,1,0
0,0.036144577,0,0,0,0.090909094,0.027027028,0.047619049,0.035289329,2.4211111,,0,8,1,3.3368855,0,1,0,0,1,0,0,0,0
0,0.033333335,1,0,0,0.033333335,0.032594524,0.031854257,0.030975116,,,0,11,1,7.9113922,1,1,0,0,0,0,0,0,1
0,0.059999999,0,0,0,0.05882353,0.028169014,0.031349204,0.031248702,1.2425,0.6,0,9,1,4.7448335,0,1,0,0,0,0,0,1,0
0,0.013333334,0,0,0,0.015151516,0.01059322,0.01031746,0.011800645,,,0,10,0,5.7929969,0,1,0,0,0,0,0,0,1
0,0.013333334,0,0,0,0.014705882,0.0046948362,0.0039682542,0.0077372422,8.4472222,9.2,0,9,1,4.7448335,0,1,0,0,0,0,0,1,0
0.20833333,0.17301588,0,,,0.17252396,0.16073456,0.17451061,0.17431393,7.9855557,,0,21,1,7.6707511,0,1,0,0,0,0,0,0,1
0.15000001,0.045977011,0,0,0,0.067567565,0.050000001,0.039285716,0.035732735,4.9697778,4.8,0,10,1,4.7334909,1,0,0,0,1,0,0,0,0
0,0.039999999,0,0,0,0.06122449,0.057228915,0.058261182,0.056446418,,,0,12,1,5.4164662,0,1,0,0,0,0,0,0,1
0,0.077363893,0,1,0,0.090909094,0.027027028,0.047619049,0.05655244,5.7886666,5.9,0,7,1,3.5041573,1,0,0,0,1,1,0,0,0
0,0.05050505,0,0,0,0.06818182,0.040909089,0.04404762,0.03979221,7.2257778,6.8,0,10,1,5.1506567,0,0,0,0,0,0,0,0,1
0.050000001,0.39541548,0,1,1,0.36363637,0.5,0.47619048,0.48500484,3.3653333,2.9,0,7,1,4.1926613,1,0,1,1,0,0,0,1,0
0,0.18000001,1,0,0,0.18000001,0.19125684,0.19448052,0.1930739,6.4292222,6.8,0,12,1,8.4206591,1,1,0,0,0,0,0,0,1
0.23809524,0.15333334,0,0,0,0.15333334,0.15819208,0.16010101,0.16089059,6.9802778,7.8,1,11,1,9.050684,0,1,0,0,0,0,0,0,1
0.125,0.039999999,0,0,0,0.044776119,0.03822314,0.036507938,0.038035203,6.315,,0,10,1,5.5391431,0,1,0,0,0,0,0,0,1
0,0.0015898251,0,0,0,0.0015898251,0.001453339,0.001846764,0.0013377829,,,0,16,1,5.7116132,0,1,0,0,0,0,0,0,1
0.375,0.18666667,0,1,0,0.20588236,0.27230048,0.24801587,0.24949521,7.2037778,7.4,0,9,1,4.7448335,0,1,0,0,0,0,0,1,0
0,0.093650796,0,0,0,0.090163931,0.084711783,0.084559888,0.085125744,7.6605556,,0,11,1,6.0889177,1,1,1,0,0,0,0,0,1
0.6111111,0.27142859,0,1,1,0.26639345,0.30827066,0.31194085,0.31248969,2.6291667,,0,11,1,6.0889177,1,1,0,0,0,0,0,0,1
0.13333334,0.035502959,0,1,0,0.11764706,0.069767445,0.085714288,0.071882337,2.4211111,,0,7,1,3.0063276,0,1,0,0,1,0,0,0,0
0,0.02,0,0,0,0.030612245,0.028614458,0.027741702,0.026683176,8.2962964,9.2,0,12,1,5.4164662,0,1,0,0,0,0,0,0,1
0.14285715,0.12,0,0,0,0.12,0.11702986,0.1176407,0.11948248,6.5622222,,0,11,1,9.050684,0,1,0,0,0,0,0,0,1
0.052631579,0.030150754,0,0,0,0.034482758,0.030769231,0.028571429,0.035570253,7.2257778,6.8,0,9,1,5.830904,0,0,0,0,0,0,0,0,1
0,0.047619049,0,0,0,0.07692308,0.041666668,0.033333331,0.035556443,2.2222222,,0,6,1,3.9492538,0,0,0,0,1,0,0,0,0
0.33333334,0.09142857,0,0,0,0.12121212,0.11016949,0.10238095,0.09256658,7.1683492,7.3,0,9,1,4.6754708,1,0,0,0,0,0,0,1,0
0,0.047619049,0,0,0,0.045081966,0.044611529,0.044083696,0.045407575,5.9066667,,0,11,1,6.0889177,1,1,0,0,0,0,0,0,1
0,0.0031796503,0,0,0,0.0048192772,0.0033098881,0.002267177,0.0023867551,4.1999998,,0,14,1,4.0743632,0,1,0,0,1,0,0,0,0
0.66666669,0.45783132,0,0,0,0.42857143,0.63636363,0.60000002,0.60649413,6.4893333,6.8,1,7,1,3.4557312,0,1,0,0,1,0,0,0,0
0,0.2,1,1,1,0.2,0.21773142,0.21915585,0.21912713,,,0,11,1,7.9113922,1,1,0,0,0,0,0,0,1
0,0.034482758,0,0,0,0.040540539,0.031818181,0.025,0.026854577,1,,0,10,1,4.7334909,1,0,0,0,1,0,0,0,0
0,0.15151516,0,0,0,0.14285715,0.11458334,0.12619047,0.12473264,9.2444444,9.4,0,8,1,4.3608842,1,0,0,0,1,0,0,0,0
0,0.2,0,0,0,0.2,0.21117423,0.21468253,0.21075444,3.5371111,2.6,0,10,1,6.7446041,1,1,0,0,0,0,0,0,1
0,0.025125628,0,0,0,0.052631579,0.019230768,0.023809524,0.019843612,6.3916667,5.8,0,9,1,5.1308365,0,0,0,0,0,0,0,1,0
0.375,0.22,0,0,0,0.21641791,0.20971075,0.22261904,0.22517884,3.5371111,2.6,0,10,1,5.5391431,0,1,0,0,0,0,0,0,1
0,0.0016420361,0,0,0,0.003021148,0.00053879299,0.00036075001,0.001217162,,,0,12,1,5.3029213,0,1,0,0,0,0,0,1,0
0.44999999,0.22922637,0,0,0,0.18181819,0.11538462,0.14285715,0.14062093,7.7642222,7.7,1,7,1,4.1926613,1,0,0,0,0,0,0,1,0
0,0.0063795852,0,0,0,0.0074487897,0.0068214661,0.0053724051,0.0055159349,,,0,17,1,5.0764861,0,1,0,0,0,0,0,1,0
0,0.09142857,0,0,0,0.10958904,0.10132159,0.096031748,0.098823175,7.1683492,7.3,0,11,1,4.9195457,1,0,0,0,0,0,0,1,0
0,0.060171921,0,0,0,0.11111111,0.050000001,0.06666667,0.061455522,1.5791111,1.2,0,6,1,3.665062,1,0,0,0,1,1,0,0,0
0,0.0066666668,0,0,0,0.011111111,0.0088495584,0.0083333328,0.0097195441,9.8888893,,0,10,1,7.0268583,0,1,0,0,0,0,0,0,1
0,0.086666666,1,1,0,0.086666666,0.084068939,0.08340548,0.083240464,3.3017778,2.9,0,12,1,8.4206591,1,1,0,0,0,0,0,0,1
0,0.022857143,0,0,0,0.02739726,0.022026433,0.019841271,0.021362269,9.0063492,8.7,0,11,1,4.9195457,1,0,0,0,0,0,0,1,0
0,0.065088756,0,1,1,0.06666667,0.054545455,0.052380953,0.053660825,6.1333333,6.1,0,7,1,4.5617313,0,0,0,0,0,0,0,1,0
0,0.084337346,0,0,0,0.14285715,0.090909094,0.1,0.096451782,2.031579,,0,7,1,3.4557312,0,1,0,0,1,0,0,0,0
0,0.12650603,0,0,0,0.090909094,0.027027028,0.047619049,0.039371062,3.6788889,3.6,0,8,1,3.3368855,0,1,0,0,1,0,0,0,0
0,0.020100502,0,0,0,0.030303031,0.014218009,0.015873017,0.013332199,3.7008333,,0,10,1,4.9480457,0,0,0,0,0,0,0,1,0
0,0.0047694752,0,0,0,0.0047694752,0.005043942,0.0066142189,0.0040410571,5.4000001,,0,16,1,5.7116132,0,1,0,0,0,0,0,0,1
0,0.018062398,0,0,0,0.021148037,0.014547414,0.012337662,0.012768251,0.95500001,,0,12,1,5.3029213,0,1,0,0,0,0,0,1,0
0.40000001,0.31658292,0,0,0,0.30588236,0.37096775,0.3968254,0.39421213,3.4931111,3,1,11,1,4.8971596,0,0,0,0,1,0,0,0,0
0.2,0.039999999,0,1,0,0.04109589,0.035242289,0.031746034,0.039003324,4.9697778,4.8,0,11,1,4.9195457,1,0,0,0,0,0,0,1,0
0,0.14,0,0,0,0.12222222,0.1238938,0.12420635,0.12524307,5.7719444,5.8,0,10,1,7.0268583,0,1,0,0,0,0,0,0,1
0,0.026666667,0,1,0,0.044444446,0.038938053,0.038492061,0.034309663,2.9113333,4.5,0,10,1,7.0268583,0,1,0,0,0,0,0,0,1
0.46153846,0.32750398,0,1,1,0.32750398,0.42664912,0.41631284,0.41999736,5.6611111,5.4,0,16,1,5.7116132,0,1,1,1,0,0,0,0,1
0.23809524,0.065088756,0,1,0,0.090909094,0.07692308,0.06666667,0.058469865,5.3055556,5.8,0,7,1,4.0667806,0,0,0,0,1,0,0,0,0
0,0.0049261083,0,0,0,0.0060422961,0.002693966,0.001948052,0.003534564,5.4000001,,0,12,1,5.3029213,0,1,0,0,0,0,0,1,0
0,0.063492067,0,1,0,0.07692308,0.041666668,0.033333331,0.041207545,,,0,6,1,3.9492538,0,0,0,0,1,0,0,0,0
0.045454547,0.023923445,0,1,0,0.027932961,0.024563996,0.021472972,0.021307383,2.6337037,,0,17,1,5.0764861,0,1,0,0,0,0,0,1,0
0,0.0066666668,1,0,0,0.0066666668,0.0084068943,0.008008658,0.0061220359,,,0,12,1,8.4206591,1,1,0,0,0,0,0,0,1
0,0.061904762,0,0,0,0.062300321,0.07810133,0.066830978,0.066594571,0.95500001,,0,21,1,7.6707511,0,1,0,0,0,0,0,0,1
0,0.062857144,0,0,0,0.052631579,0.034482758,0.028571429,0.041654881,2.1851429,1.9,0,8,1,5.1061354,1,0,0,0,0,0,0,1,0
0,0.12,0,0,0,0.12,0.12003455,0.11868687,0.11823518,6.5622222,,0,11,1,8.0299788,0,1,0,0,0,0,0,0,1
0,0.23472668,0,1,0,0.2,0.16666667,0.16666667,0.16694997,3.5988889,3.3,0,6,0,4.8344789,0,1,1,1,1,0,0,0,0
0,0.074712642,0,0,0,0.094594598,0.077272728,0.060714286,0.062890023,2.1851429,1.9,0,10,1,4.7334909,1,0,0,0,1,0,0,0,0
0,0.014150944,0,0,0,0.014150944,0.012773723,0.011507937,0.012715666,2.9113333,4.5,0,11,1,7.1317043,0,1,0,0,0,0,0,0,1
0,0.013333334,0,0,0,0.015151516,0.01059322,0.01031746,0.012018758,8.4472222,9.2,0,10,0,5.7929969,0,1,0,0,0,0,0,0,1
0.33333334,0.19597989,0,1,0,0.2,0.218894,0.22619048,0.21703389,7.1597778,7.2,0,11,1,4.8971596,0,0,0,0,1,0,0,0,0
0,0.028571429,0,0,0,0.04109589,0.035242289,0.031746034,0.026844539,1,,0,11,1,4.9195457,1,0,0,0,0,0,0,1,0
0,0.07333333,0,0,0,0.083333336,0.052631579,0.049603175,0.048773497,2.0366666,,0,9,1,4.8138638,0,1,0,0,0,0,0,1,0
0,0.053333335,0,1,0,0.05882353,0.028169014,0.031349204,0.030172499,8.375,,0,9,1,4.7448335,0,1,0,0,0,0,0,1,0
0.14285715,0.059999999,0,0,0,0.059999999,0.058918484,0.057720058,0.056585077,2.8282222,4.5,0,11,1,9.050684,0,1,0,0,0,0,0,0,1
0,0.071633235,0,0,0,0.11764706,0.12096774,0.10714286,0.092616811,3.3733334,,0,8,1,4.5371952,1,0,0,0,0,0,0,1,0
0,0.07272727,0,0,0,0.090909094,0.027027028,0.047619049,0.050667077,3.6788889,3.6,0,7,1,2.8921075,1,1,0,0,1,1,0,0,0
0,0.24120604,0,1,1,0.23404256,0.25560537,0.26587301,0.27043316,3.4931111,3,0,10,1,5.2452135,0,0,1,1,0,0,0,1,0
0,0.1183432,0,0,0,0.11764706,0.069767445,0.085714288,0.09619157,3.6788889,3.6,0,7,1,3.0063276,0,1,0,0,1,0,0,0,0
0.10526316,0.050251257,0,1,0,0.068965517,0.061538462,0.057142857,0.059953291,3.7008333,,0,9,1,5.830904,0,0,0,0,0,0,0,0,1
0.78260869,0.44869214,0,1,1,0.40000001,0.5,0.5,0.49994999,6.1757778,6.7,1,5,1,3.4715192,0,1,0,1,1,1,0,0,0
0,0.01183432,0,0,0,0,0,0,0.010674647,4.7,4,0,7,1,4.0667806,0,0,0,0,1,0,0,0,0
0,0.0060975607,0,0,0,0,0,0,0.0092668114,,,0,8,1,2.9687567,1,1,0,0,1,0,0,0,0
0,0.0015873016,0,,,0.0015974441,0.001754088,0.00142496,0.0014867689,,,0,21,1,7.6707511,0,1,0,0,0,0,0,0,1
0.35294119,0.14951769,0,0,0,0.2,0.16666667,0.16666667,0.16694164,5.8064444,5.1,0,6,0,4.8344789,0,1,0,0,1,0,0,0,0
0.38461539,0.14626391,0,1,0,0.14626391,0.1301337,0.13822427,0.1376285,3.7722222,3.1,1,16,1,5.7116132,0,1,0,0,0,0,0,0,1
0,0.026666667,0,0,0,0.022727273,0.016949153,0.01626984,0.022637658,6.315,,0,10,0,5.7929969,0,1,0,0,0,0,0,0,1
0,0.02,0,0,0,0.030612245,0.028614458,0.027741702,0.026719734,9.4097222,,0,12,1,5.4164662,0,1,0,0,0,0,0,0,1
0.15000001,0.088825218,0,0,0,0.090909094,0.07692308,0.076190479,0.078792118,5.7886666,5.9,0,7,1,4.1926613,1,0,0,0,0,0,0,1,0
0,0.39393941,0,1,1,0.37142858,0.55208331,0.5404762,0.54334867,3.2388889,3,0,8,1,4.3608842,1,0,1,1,1,0,0,0,0
0,0.0031746032,0,,,0.0031948881,0.0035240001,0.002870233,0.0029239261,,,0,21,1,7.6707511,0,1,0,0,0,0,0,0,1
0,0.14761905,0,0,0,0.14754099,0.14786968,0.14527418,0.14288972,7.9855557,,0,11,1,6.0889177,1,1,0,0,0,0,0,0,1
0,0.034285713,0,0,0,0.052631579,0.034482758,0.028571429,0.027164664,1,,0,8,1,5.1061354,1,0,0,0,0,0,0,1,0
0,0.1030303,0,1,0,0.10344828,0.04878049,0.071428575,0.074371211,3.6788889,3.6,0,9,1,2.9926152,1,1,0,0,1,0,0,0,0
0.28,0.093333334,1,0,0,0.093333334,0.088222511,0.087012984,0.087687775,3.3511111,,0,11,1,7.9113922,1,1,0,0,0,0,0,0,1
0.083333336,0.0063492064,0,,,0.0063897762,0.006988354,0.0057444358,0.005765486,,,0,21,1,7.6707511,0,1,0,0,0,0,0,0,1
0.25,0.12,1,1,0,0.12,0.1185372,0.11818182,0.11815639,6.8216666,7.6,0,12,1,8.4206591,1,1,0,0,0,0,0,0,1
0.35714287,0.20666666,0,0,0,0.18367347,0.19829318,0.18975469,0.19033204,7.2037778,7.4,0,12,1,5.4164662,0,1,0,0,0,0,0,0,1
0,0.20100503,0,1,0,0.21212122,0.27962086,0.25396827,0.24843833,5.8053333,5.2,0,10,1,4.9480457,0,0,0,0,0,0,0,1,0
0,0.0086956518,0,0,0,0.1,0.027777778,0.033333331,0.021691164,2.1710526,,0,6,1,2.6131198,1,0,0,0,1,1,0,0,0
0.06666667,0.045226131,0,1,0,0.060606062,0.023696681,0.027777778,0.029370237,6.3916667,5.8,0,10,1,4.9480457,0,0,0,0,0,0,0,1,0
0.42857143,0.28666666,0,0,0,0.28787878,0.35805085,0.34960318,0.34385374,5.8017777,5.7,1,10,0,5.7929969,0,1,0,0,0,0,0,0,1
0,0.063037246,0,0,0,0.06666667,0.043478262,0.03809524,0.035079349,5.7886666,5.9,0,7,1,4.2252402,1,0,0,0,1,0,0,0,0
0.28,0.21666667,0,1,0,0.15000001,0.10869565,0.11666667,0.1256641,3.9473684,,0,6,1,3.6290324,0,0,0,0,1,0,0,0,0
0,0.062200956,0,0,0,0.072625697,0.06522397,0.058116883,0.057611357,6.1666667,,0,17,1,5.0764861,0,1,0,0,0,0,0,1,0
0,0.063218392,0,0,0,0.067567565,0.050000001,0.039285716,0.049742289,9.0063492,8.7,0,10,1,4.7334909,1,0,0,0,1,0,0,0,0
0,0.068571426,0,0,0,0.090909094,0.093220338,0.083333336,0.073819645,2.1851429,1.9,0,9,1,4.6754708,1,0,0,0,0,0,0,1,0
0,0.046666667,0,0,0,0.052238807,0.04855372,0.045634922,0.04514632,2.0366666,,0,10,1,5.5391431,0,1,0,0,0,0,0,0,1
0,0.053333335,1,0,0,0.053333335,0.051702395,0.05036075,0.051221203,2.9113333,4.5,0,12,1,8.4206591,1,1,0,0,0,0,0,0,1
0.06666667,0.045226131,0,0,0,0.047058824,0.034562211,0.026190476,0.02598149,3.7008333,,0,11,1,4.8971596,0,0,0,0,1,0,0,0,0
0,0.06666667,0,1,0,0.06666667,0.064568199,0.063275613,0.063241869,5.5811111,6.3,0,11,1,9.050684,0,1,0,0,0,0,0,0,1
0,0.0060606059,0,0,0,0,0,0,0.0046909591,,,0,7,1,4.2347178,1,0,0,0,1,0,0,0,0
0,0.1758794,0,1,1,0.13793103,0.13846155,0.14285715,0.14801019,5.8053333,5.2,0,9,1,5.830904,0,0,1,1,0,0,0,0,1
0.19047619,0.16256158,0,0,0,0.16012084,0.16540948,0.15598845,0.15374339,7.9855557,,0,12,1,5.3029213,0,1,0,0,0,0,0,1,0
0,0.06666667,0,0,0,0.06666667,0.061553031,0.057142857,0.058747262,2.0366666,,0,10,1,6.7446041,1,1,0,0,0,0,0,0,1
0,0.0066666668,0,0,0,0.019607844,0.0070588239,0.0051587299,0.0065932302,8.2962964,9.2,0,9,1,3.7525017,0,1,0,0,1,0,0,0,0
0,0.15757576,0,0,0,0.14285715,0.15254237,0.15238096,0.15604761,9.2444444,9.4,0,8,1,5.3518772,1,0,0,0,0,0,0,0,1
0.64705884,0.38424438,0,1,1,0.40000001,0.5,0.5,0.49957505,6.1757778,6.7,1,6,0,4.8344789,0,1,0,0,1,0,0,0,0
0,0.060606062,0,0,0,0.047619049,0.016949153,0.01904762,0.026911477,5.3055556,5.8,0,8,1,5.3518772,1,0,0,0,0,0,0,0,1
0,0.1147541,0,0,0,0.14285715,0.14285715,0.13333334,0.1407626,2.4916667,,0,5,1,3.3789728,0,1,0,0,0,0,0,1,0
0.5,0.22222222,0,1,0,0.22222222,0.23076923,0.23333333,0.23965603,1.4473684,,0,5,1,4.1822972,0,0,0,0,1,0,0,0,0
0,0.014150944,1,0,0,0.014150944,0.014809369,0.013980464,0.01295125,6.1259259,5.6,0,13,1,8.4133282,0,1,0,0,0,0,0,0,1
0,0.028301887,0,0,0,0.028301887,0.02919708,0.026984127,0.026223799,2.8282222,4.5,0,11,1,7.1317043,0,1,0,0,0,0,0,0,1
0,0.022857143,0,0,0,0.030303031,0.02542373,0.02142857,0.02060782,5.8095237,6.2,0,9,1,4.6754708,1,0,0,0,0,0,0,1,0
0,0.074498564,0,1,0,0.090909094,0.027027028,0.047619049,0.05651911,6.1551111,5.5,0,7,1,3.5041573,1,0,0,0,1,1,0,0,0
0.5,0.27333334,0,1,1,0.27611941,0.31508264,0.31547618,0.31934148,5.8017777,5.7,1,10,1,5.5391431,0,1,1,1,0,0,0,0,1
0.15789473,0.065088756,0,0,0,0.06666667,0.054545455,0.052380953,0.053915799,5.3055556,5.8,0,7,1,4.5617313,0,0,0,0,0,0,0,1,0
0,0.0060975607,0,0,0,0,0.0095238099,0.0071428572,0.0074380659,,,0,7,0,3.4969542,0,1,0,0,1,0,0,0,0
0,0.0060606059,0,0,0,0,0,0,0.0056166998,0.36666667,,0,8,1,4.0411162,1,0,0,0,1,0,0,0,0
0,0.087440379,0,0,0,0.087440379,0.084173992,0.070902705,0.071093857,7.6605556,,0,16,1,5.7116132,0,1,0,0,0,0,0,0,1
0,0.017460318,0,0,0,0.017571885,0.019307137,0.016105343,0.016154896,2.6337037,,0,21,1,7.6707511,0,1,0,0,0,0,0,0,1
0,0.013333334,0,0,0,0.020408163,0.019076305,0.018506493,0.01776142,8.4472222,9.2,0,12,1,5.4164662,0,1,0,0,0,0,0,0,1
0.2857143,0.17333333,0,0,0,0.17424242,0.15889831,0.15992063,0.16145357,8.375,,0,10,0,5.7929969,0,1,0,0,0,0,0,0,1
0,0.033333335,1,0,0,0.033333335,0.031105507,0.030483404,0.02989275,2.8282222,4.5,0,12,1,8.4206591,1,1,0,0,0,0,0,0,1
0,0.039999999,0,0,0,0.039999999,0.038860105,0.038528141,0.037635937,2.9113333,4.5,0,11,1,8.0299788,0,1,0,0,0,0,0,0,1
0,0.20100503,0,1,0,0.2,0.25925925,0.23809524,0.23159744,7.1597778,7.2,0,9,1,4.9297509,0,0,0,0,0,0,0,1,0
0,0.12571429,0,0,0,0.15151516,0.16101696,0.15000001,0.1584819,8.4590475,,0,9,1,4.6754708,1,0,0,0,0,0,0,1,0
0.25,0.16666667,0,1,1,0.16666667,0.16637169,0.16666667,0.16972354,6.9802778,7.8,1,10,1,7.0268583,0,1,1,1,0,0,0,0,1
0.045454547,0.015948962,0,0,0,0.018621974,0.016095972,0.014388389,0.01405288,5.285,,0,17,1,5.0764861,0,1,0,0,0,0,0,1,0
0,0.0049261083,0,0,0,0.0060422961,0.002693966,0.001948052,0.003528265,5.43,,0,12,1,5.3029213,0,1,0,0,0,0,0,1,0
0,0.052941177,0,0,0,0.03846154,0.017241379,0.014285714,0.019782307,4.9697778,4.8,0,9,1,5.5655723,1,0,0,0,0,0,0,1,0
0,0.033018868,1,0,0,0.033018868,0.030984139,0.030538905,0.030457465,2.8282222,4.5,0,13,1,8.4133282,0,1,0,0,0,0,0,0,1
0,0.14285715,0,0,0,0.11111111,0.07692308,0.06666667,0.06647335,3.8888889,,0,5,1,4.1822972,0,0,0,0,1,0,0,0,0
0,0.054054055,0,0,0,0.054054055,0.044643164,0.04109918,0.041280292,9.1777778,9.1,0,16,1,5.7116132,0,1,0,0,0,0,0,0,1
0.30769232,0.18867925,0,0,0,0.18867925,0.19890511,0.20476191,0.20239609,3.1588889,2.5,0,11,1,7.1317043,0,1,0,0,0,0,0,0,1
0.63157892,0.27058825,0,1,1,0.26923078,0.27586207,0.29523811,0.29524714,7.2685714,6.7,1,9,1,5.5655723,1,0,1,1,0,0,0,1,0
0,0.13939394,0,0,0,0.14285715,0.11458334,0.12619047,0.12380702,7.7388889,7.7,0,8,1,4.3608842,1,0,0,0,1,0,0,0,0
0,0.37704918,1,0,0,0.2,0.16666667,0.16666667,0.17996533,3.6593333,3,0,4,1,2.8832545,0,1,1,0,1,1,0,0,0
0.13636364,0.068767905,0,0,0,0.086956523,0.074074075,0.071428575,0.075945973,7.0141667,,0,7,1,4.1492419,0,0,0,0,0,0,0,1,0
0,0.11666667,0,0,0,0.15000001,0.10869565,0.11666667,0.1215845,1.5789474,,0,6,1,3.6290324,0,0,0,0,1,0,0,0,0
0.5,0.27793697,0,0,0,0.17391305,0.14814815,0.17142858,0.1777558,7.7642222,7.7,1,7,1,4.1492419,0,0,0,0,0,0,0,1,0
0,0.045714285,0,0,0,0.05479452,0.052863438,0.047619049,0.046017896,5.6089948,5.7,0,11,1,4.9195457,1,0,0,0,0,0,0,1,0
0.18181819,0.080229223,0,0,0,0.13043478,0.11111111,0.10476191,0.098650374,6.1551111,5.5,0,7,1,4.1492419,0,0,0,0,0,0,0,1,0
0.16666667,0.11904762,0,1,0,0.11885246,0.10877193,0.10598846,0.10563746,,,1,11,1,6.0889177,1,1,0,0,0,0,0,0,1
0.096774191,0.033386327,0,1,0,0.05060241,0.039304923,0.028396603,0.02785573,4.9703704,4.8,0,14,1,4.0743632,0,1,0,0,1,0,0,0,0
0,0.13714285,0,0,0,0.15789473,0.1724138,0.16190477,0.15008238,8.4590475,,0,8,1,5.1061354,1,0,0,0,0,0,0,1,0
0,0.063037246,0,0,0,0.090909094,0.027027028,0.047619049,0.055695858,1.5791111,1.2,0,7,1,3.5041573,1,0,0,0,1,1,0,0,0
0.06666667,0.01183432,0,1,0,0.05882353,0.023255814,0.01904762,0.021769013,7.9902778,,0,7,1,3.0063276,0,1,0,0,1,0,0,0,0
0,0.065217391,0,0,0,0.11111111,0.07692308,0.06666667,0.077873878,2.2233333,,0,5,1,3.13166,1,0,0,0,1,0,0,0,0
0,0.063037246,0,0,0,0.086956523,0.074074075,0.071428575,0.067726798,1.5791111,1.2,0,7,1,4.1492419,0,0,0,0,0,0,0,1,0
0.33333334,0.18396227,1,1,1,0.18396227,0.19588278,0.19792707,0.19820966,5.7286666,5.8,1,13,1,8.4133282,0,1,1,1,0,0,0,0,1
0,0.0015873016,0,,,0.0015974441,0.001754088,0.00142496,0.001461841,,,0,21,1,7.6707511,0,1,0,0,0,0,0,0,1
0.41666666,0.20666666,0,0,0,0.20666666,0.21685606,0.22261904,0.2199484,7.2037778,7.4,1,10,1,6.7446041,1,1,0,0,0,0,0,0,1
0,0.32091689,0,0,0,0.27450982,0.29838711,0.32142857,0.31242198,3.3653333,2.9,0,8,1,4.5371952,1,0,1,0,0,0,0,1,0
0,0.09714286,0,0,0,0.10526316,0.10344828,0.095238097,0.092224821,4.9697778,4.8,0,8,1,5.1061354,1,0,0,0,0,0,0,1,0
0,0.15333334,0,1,1,0.15151516,0.13983051,0.13690476,0.13726802,3.5371111,2.6,0,10,0,5.7929969,0,1,1,1,0,0,0,0,1
0.083333336,0.068767905,0,1,0,0.098039217,0.10483871,0.092857145,0.085517757,6.1551111,5.5,0,8,1,4.5371952,1,0,0,0,0,0,0,1,0
0,0.020667726,0,0,0,0.031325303,0.023169218,0.016899766,0.016465006,3.065,2.3,0,14,1,4.0743632,0,1,0,0,1,0,0,0,0
0,0.19597989,0,0,0,0.1724138,0.16923077,0.17142858,0.17936182,6.3916667,5.8,0,9,1,5.830904,0,0,0,0,0,0,0,0,1
0.21052632,0.036363635,0,0,0,0.028571429,0.010416667,0.0071428572,0.015302398,4.7,4,0,8,1,4.3608842,1,0,0,0,1,0,0,0,0
0,0.013333334,0,0,0,0.013333334,0.010362694,0.00995671,0.013259525,9.8888893,,0,11,1,8.0299788,0,1,0,0,0,0,0,0,1
0,0.024242423,0,0,0,0.090909094,0.027027028,0.047619049,0.040988043,1.8,1.8,0,7,1,2.8921075,1,1,0,0,1,1,0,0,0
0,0.048710603,0,0,0,0.06666667,0.043478262,0.03809524,0.034219436,3.3733334,,0,7,1,4.2252402,1,0,0,0,1,0,0,0,0
0.10526316,0.045226131,0,1,0,0.068965517,0.061538462,0.057142857,0.053737246,6.3257778,6.1,0,9,1,5.830904,0,0,0,0,0,0,0,0,1
0,0.056603774,1,0,0,0.056603774,0.055981517,0.054564878,0.053477675,9.7272223,9.8,0,13,1,8.4133282,0,1,0,0,0,0,0,0,1
0.05882353,0.040201005,0,0,0,0.04255319,0.031390134,0.03015873,0.028243564,7.2257778,6.8,0,10,1,5.2452135,0,0,0,0,0,0,0,1,0
0,0.19333333,0,0,0,0.2037037,0.24027459,0.22460318,0.22829887,5.8017777,5.7,0,9,1,4.8138638,0,1,0,0,0,0,0,1,0
0,0.016666668,0,0,0,0,0,0,0.010058994,0.87719302,,0,6,0,4.3373494,0,0,0,0,1,0,0,0,0
0.52941179,0.3615635,0,1,1,0.2857143,0.2857143,0.30000001,0.29998001,3.5988889,3.3,0,6,1,4.0520649,0,1,1,1,0,0,0,1,0
0.23809524,0.16509435,1,1,0,0.16509435,0.16794455,0.17148407,0.17275754,3.1588889,2.5,0,13,1,8.4133282,0,1,0,0,0,0,0,0,1
0.47368422,0.15151516,0,0,0,0.14285715,0.11458334,0.12619047,0.12475074,6.1333333,6.1,1,8,1,4.3608842,1,0,0,0,1,0,0,0,0
0,0.14,0,0,0,0.14,0.14162348,0.14249639,0.14102358,6.9802778,7.8,0,11,1,8.0299788,0,1,0,0,0,0,0,0,1
0,0.051428571,0,1,0,0.057142857,0.052631579,0.047619049,0.043940727,5.6089948,5.7,0,9,1,5.544385,1,0,0,0,0,0,0,1,0
0,0.035175879,0,0,0,0.047058824,0.034562211,0.026190476,0.022095924,7.2257778,6.8,0,11,1,4.8971596,0,0,0,0,1,0,0,0,0
0.19047619,0.084905662,1,1,0,0.084905662,0.079928577,0.079131976,0.080266677,5.5811111,6.3,0,13,1,8.4133282,0,1,0,0,0,0,0,0,1
0.30000001,0.19333333,0,1,1,0.19333333,0.20466322,0.2067821,0.20947812,5.7286666,5.8,1,11,1,8.0299788,0,1,1,1,0,0,0,0,1
0.5,0.17142858,0,0,0,0.14285715,0.10204081,0.12380952,0.13068835,7.1683492,7.3,1,9,1,4.5558085,1,0,0,1,1,0,0,0,0
0,0.084848486,0,0,0,0.090909094,0.027027028,0.047619049,0.050667077,7.9902778,,0,7,1,2.8921075,1,1,0,0,1,1,0,0,0
0,0.033333335,0,0,0,0.033333335,0.03195164,0.03138528,0.030884231,2.8282222,4.5,0,11,1,8.0299788,0,1,0,0,0,0,0,0,1
0.42857143,0.2,0,1,1,0.2,0.1754386,0.2,0.19529249,7.1683492,7.3,1,9,1,5.544385,1,0,0,1,0,0,0,1,0
0,0.06666667,0,0,0,0.1,0.065217391,0.06666667,0.056652669,6.3157895,,0,6,1,3.6290324,0,0,0,0,1,0,0,0,0
0.58333331,0.30659026,0,1,1,0.23529412,0.21774194,0.25,0.25901017,7.7642222,7.7,1,8,1,4.5371952,1,0,0,1,0,0,0,1,0
0,0.055643879,0,0,0,0.055643879,0.045840029,0.042206407,0.042374801,0.95500001,,0,16,1,5.7116132,0,1,0,0,0,0,0,0,1
0.58333331,0.14,0,1,1,0.14,0.13920455,0.14325397,0.13918152,5.8017777,5.7,0,10,1,6.7446041,1,1,1,1,0,0,0,0,1
0.47058824,0.26633167,0,1,0,0.26666668,0.2962963,0.30476192,0.29606026,3.4931111,3,0,9,1,4.9297509,0,0,1,1,0,0,0,1,0
0,0.085714288,0,0,0,0.11428571,0.081632651,0.076190479,0.07752344,2.1851429,1.9,0,9,1,4.5558085,1,0,0,0,1,0,0,0,0
0.1,0.028735632,0,0,0,0.027027028,0.022727273,0.017857144,0.022205278,5.6089948,5.7,0,10,1,4.7334909,1,0,0,0,1,0,0,0,0
0,0.12048193,0,1,1,0.14285715,0.090909094,0.1,0.096791752,5.9926667,6.3,0,7,1,3.4557312,0,1,1,1,1,0,0,0,0
0,0.057306591,0,0,0,0.078431375,0.072580643,0.06428571,0.061149243,,,0,8,1,4.5371952,1,0,0,0,0,0,0,1,0
0,0.072916664,0,0,0,0.2,0.16666667,0.16666667,0.16811985,2.8744444,2.8,0,6,1,3.4458909,0,1,0,0,1,0,0,0,0
0.1923077,0.1509434,0,0,0,0.1509434,0.13686131,0.13730159,0.14175633,3.3017778,2.9,0,11,1,7.1317043,0,1,0,0,0,0,0,0,1
0,0.019077901,0,0,0,0.019077901,0.015952537,0.015430403,0.015388553,,,0,16,1,5.7116132,0,1,0,0,0,0,0,0,1
0,0.015075377,0,0,0,0,0,0,0.010384081,6.3916667,5.8,0,9,1,4.9297509,0,0,0,0,0,0,0,1,0
0.1,0.045226131,0,1,0,0.052631579,0.019230768,0.023809524,0.031945735,6.3257778,6.1,0,9,1,5.1308365,0,0,0,0,0,0,0,1,0
0,0.13753581,0,0,0,0.13333334,0.086956523,0.10476191,0.10133106,6.1551111,5.5,0,7,1,4.2252402,1,0,0,0,1,0,0,0,0
0,0.026666667,1,0,0,0.026666667,0.025641026,0.0247114,0.024339193,2.8282222,4.5,0,11,1,7.9113922,1,1,0,0,0,0,0,0,1
0,0.016666668,0,0,0,0.050000001,0.021739131,0.016666668,0.011602173,0.87719302,,0,6,1,3.6290324,0,0,0,0,1,0,0,0,0
0,0.06666667,1,0,0,0.06666667,0.065623641,0.065187588,0.063538603,5.5811111,6.3,0,11,1,7.9113922,1,1,0,0,0,0,0,0,1
0.045454547,0.028708134,0,0,0,0.033519555,0.029604489,0.025682651,0.02586475,4.3905815,,0,17,1,5.0764861,0,1,0,0,0,0,0,1,0
0,0.022222223,0,1,0,0.022364218,0.024634726,0.020691035,0.020756351,3.7722222,3.1,0,21,1,7.6707511,0,1,0,0,0,0,0,0,1
0,0.0066666668,1,0,0,0.0066666668,0.0065189051,0.0060606059,0.007353907,9.8888893,,0,11,1,7.9113922,1,1,0,0,0,0,0,0,1
0.31999999,0.12,1,1,0,0.12,0.11777488,0.1183622,0.11722241,6.9802778,7.8,1,11,1,7.9113922,1,1,1,1,0,0,0,0,1
0,0.12320917,0,0,0,0.13333334,0.12727273,0.11904762,0.13353308,1.5791111,1.2,0,7,1,4.293757,1,0,0,0,0,0,0,1,0
0.53333336,0.36065573,0,1,1,0.2857143,0.2857143,0.30000001,0.28763956,6.3666666,5.8,0,5,1,3.3789728,0,1,1,1,0,0,0,1,0
0,0.0060975607,0,0,0,0,0,0,0.0095641632,2.4211111,,0,8,1,2.9687567,1,1,0,0,1,0,0,0,0
0,0.0015898251,0,0,0,0.0015898251,0.001453339,0.001846764,0.00138719,,,0,16,1,5.7116132,0,1,0,0,0,0,0,0,1
0.5,0.28415301,0,0,0,0.33333334,0.33333334,0.33333334,0.33333334,8.2955556,6.8,0,4,1,3.4071624,0,1,0,0,0,0,1,0,0
0,0.0063795852,0,0,0,0.0074487897,0.0068214661,0.0053724051,0.0055101621,5.4000001,,0,17,1,5.0764861,0,1,0,0,0,0,0,1,0
0,0.074285716,0,0,0,0.09589041,0.083700441,0.080158733,0.076100171,8.4590475,,0,11,1,4.9195457,1,0,0,0,0,0,0,1,0
0,0.033333335,0,0,0,0.06666667,0.029126214,0.026190476,0.021090273,,,0,7,0,3.7735848,0,0,0,0,1,0,0,0,0
0,0.014150944,1,0,0,0.014150944,0.014809369,0.013980464,0.012980897,,,0,13,1,8.4133282,0,1,0,0,0,0,0,0,1
0,0.012048192,0,0,0,0,0,0,0.0032861,1.3333334,,0,7,1,3.4557312,0,1,0,0,1,0,0,0,0
0,0.18674698,0,0,0,0.090909094,0.027027028,0.047619049,0.039371062,6.4893333,6.8,0,8,1,3.3368855,0,1,0,0,1,0,0,0,0
0,0.033333335,0,0,0,0.05102041,0.048192769,0.049386725,0.046227597,2.0366666,,0,12,1,5.4164662,0,1,0,0,0,0,0,0,1
0,0.06666667,0,0,0,0.06818182,0.05720339,0.064682543,0.062717818,2.0366666,,0,10,0,5.7929969,0,1,0,0,0,0,0,0,1
0,0.085427135,0,0,0,0.052631579,0.019230768,0.023809524,0.03367199,2.3719444,,0,9,1,5.1308365,0,0,0,0,0,0,0,1,0
0.5625,0.42682928,0,0,0,0.33333334,0.3904762,0.40714285,0.42139834,5.9926667,6.3,1,7,0,3.4969542,0,1,1,1,1,0,0,0,0
0,0.02,0,0,0,0.027777778,0.016018307,0.01626984,0.013821039,8.4472222,9.2,0,9,1,4.8138638,0,1,0,0,0,0,0,1,0
0,0.045845274,0,0,0,0.090909094,0.07692308,0.076190479,0.067506582,1.5791111,1.2,0,7,1,4.1926613,1,0,0,0,0,0,0,1,0
0.2,0.093333334,0,1,0,0.083333336,0.052631579,0.049603175,0.05054903,4.4204445,4.4,0,9,1,4.8138638,0,1,0,0,0,0,0,1,0
0,0.013333334,0,0,0,0.018518519,0.011441648,0.012698413,0.0093643414,8.1444444,9,0,9,1,4.8138638,0,1,0,0,0,0,0,1,0
0,0.0047169812,1,0,0,0.0047169812,0.0051465179,0.0047452552,0.0050782352,9.8888893,,0,13,1,8.4133282,0,1,0,0,0,0,0,0,1
0,0.11111111,0,1,0,0.095238097,0.1,0.1,0.10328086,,,0,7,1,5.3418574,0,0,0,0,0,0,0,0,1
0.51612902,0.37201908,0,1,1,0.3060241,0.35250309,0.39275724,0.39352834,5.6611111,5.4,1,14,1,4.0743632,0,1,1,1,1,0,0,0,0
0,0.16666667,0,1,0,0.2,0.16666667,0.16666667,0.1656701,7.3684211,,0,5,1,3.8054969,0,0,0,0,1,0,0,0,0
0.05882353,0.040201005,0,1,0,0.06666667,0.037037037,0.03809524,0.034300022,6.3257778,6.1,0,9,1,4.9297509,0,0,0,0,0,0,0,1,0
0.52631581,0.23030303,0,0,0,0.23809524,0.25423729,0.25238094,0.24968015,7.7388889,7.7,0,8,1,5.3518772,1,0,0,0,0,0,0,0,1
0.2,0.13333334,1,1,0,0.13333334,0.1299435,0.13066378,0.13278006,3.1588889,2.5,0,11,1,7.9113922,1,1,1,1,0,0,0,0,1
0,0.011128776,0,0,0,0.011128776,0.0092158811,0.010413198,0.0093701594,3.065,2.3,0,16,1,5.7116132,0,1,0,0,0,0,0,0,1
0.36842105,0.10588235,0,1,0,0.11538462,0.12068965,0.10952381,0.10700835,7.1683492,7.3,0,9,1,5.5655723,1,0,0,0,0,0,0,1,0
0,0.0060606059,0,0,0,0.034482758,0.012195122,0.011904762,0.012877482,,,0,9,1,2.9926152,1,1,0,0,1,0,0,0,0
0,0.0047694752,0,0,0,0.0072289156,0.0048269201,0.003252303,0.003567104,5.4000001,,0,14,1,4.0743632,0,1,0,0,1,0,0,0,0
0,0.11792453,0,1,0,0.11792453,0.11587591,0.11666667,0.11539052,6.9802778,7.8,0,11,1,7.1317043,0,1,0,0,0,0,0,0,1
0,0.059999999,0,0,0,0.067164183,0.065082647,0.061904762,0.061166544,8.8,,0,10,1,5.5391431,0,1,0,0,0,0,0,0,1
0.1875,0.039999999,0,0,0,0.05882353,0.028169014,0.031349204,0.024962662,4.4204445,4.4,0,9,1,4.7448335,0,1,0,0,0,0,0,1,0
0.032258064,0.017488075,0,1,0,0.026506023,0.019859331,0.01460484,0.013921123,6.45,5.9,0,14,1,4.0743632,0,1,0,0,1,0,0,0,0
0.045454547,0.025518341,0,0,0,0.029795159,0.026109748,0.022616273,0.02278501,0.86,,0,17,1,5.0764861,0,1,0,0,0,0,0,1,0
0,0.0095238099,0,0,0,0.0095846644,0.01050221,0.0086727133,0.0086719422,3.065,2.3,0,21,1,7.6707511,0,1,0,0,0,0,0,0,1
0.1,0.075376883,0,1,0,0.052631579,0.019230768,0.023809524,0.033666275,3.7008333,,0,9,1,5.1308365,0,0,0,0,0,0,0,1,0
0.2857143,0.16,0,1,0,0.15909091,0.14830509,0.14642857,0.14585133,7.2037778,7.4,0,10,0,5.7929969,0,1,0,0,0,0,0,0,1
0,0.053333335,0,0,0,0.05882353,0.028169014,0.031349204,0.030125123,2.0366666,,0,9,1,4.7448335,0,1,0,0,0,0,0,1,0
0.16666667,0.095541403,0,0,0,0.18181819,0.16037735,0.17380953,0.16991766,7.6605556,,0,9,1,3.0750279,0,1,0,0,1,0,0,0,0
0,0.37424546,0,0,0,0.2,0.16666667,0.16666667,0.16671667,3.5988889,3.3,0,5,1,3.4715192,0,1,1,0,1,1,0,0,0
0,0.054441262,0,0,0,0.05882353,0.056451611,0.050000001,0.055054851,1.5791111,1.2,0,8,1,4.5371952,1,0,0,0,0,0,0,1,0
0.72727275,0.3508772,0,0,0,0.32588455,0.42188919,0.42201686,0.42197973,2.9824561,,1,17,1,5.0764861,0,1,0,0,0,0,0,1,0
0.5,0.28415301,0,1,0,0.33333334,0.33333334,0.33333334,0.33333334,6.3666666,5.8,1,4,1,3.4071624,0,1,0,0,0,0,1,0,0
0,0.039999999,0,1,0,0.057142857,0.040816326,0.03809524,0.033060025,4.9697778,4.8,0,9,1,4.5558085,1,0,0,0,1,0,0,0,0
0.5,0.15714286,0,,,0.15654951,0.13728018,0.1539786,0.15389766,6.9677778,,1,21,1,7.6707511,0,1,0,0,0,0,0,0,1
0,0.020667726,0,0,0,0.031325303,0.023169218,0.016899766,0.016462443,1.7777778,,0,14,1,4.0743632,0,1,0,0,1,0,0,0,0
0.40000001,0.098360658,1,1,0,0.2,0.16666667,0.16666667,0.17184949,8.2955556,6.8,0,4,1,2.8832545,0,1,0,1,1,1,0,0,0
0,0.013333334,0,0,0,0.013333334,0.0085227266,0.007539683,0.012167831,8.4472222,9.2,0,10,1,6.7446041,1,1,0,0,0,0,0,0,1
0.15000001,0.074498564,0,0,0,0.090909094,0.07692308,0.076190479,0.071747825,7.0141667,,0,7,1,4.1926613,1,0,0,0,0,0,0,1,0
0.66666669,0.31999999,0,0,0,0.27272728,0.29661018,0.31666666,0.31731221,7.2685714,6.7,1,9,1,4.6754708,1,0,0,0,0,0,0,1,0
0.125,0.18571429,0,0,0,0.18530351,0.17945133,0.19095527,0.1911817,7.6605556,,0,21,1,7.6707511,0,1,0,0,0,0,0,0,1
0.30000001,0.14,0,1,0,0.14,0.14162348,0.14249639,0.14097874,3.1588889,2.5,0,11,1,8.0299788,0,1,0,0,0,0,0,0,1
0,0.051428571,0,1,0,0.060606062,0.042372882,0.035714287,0.04604242,4.9697778,4.8,0,9,1,4.6754708,1,0,0,0,0,0,0,1,0
0.60000002,0.431694,1,1,1,0.40000001,0.5,0.5,0.48670134,6.3666666,5.8,1,4,1,2.8832545,0,1,0,1,1,1,0,0,0
0,0.051575933,0,0,0,0.06666667,0.054545455,0.052380953,0.037457682,5.7886666,5.9,0,7,1,4.293757,1,0,0,0,0,0,0,1,0
0,0.054441262,0,0,0,0.043478262,0.037037037,0.03809524,0.047425497,3.3733334,,0,7,1,4.1492419,0,0,0,0,0,0,0,1,0
0.31578946,0.06666667,0,0,0,0.085714288,0.052083332,0.040476192,0.037137359,5.3055556,5.8,0,8,1,4.3608842,1,0,0,0,1,0,0,0,0
0.2,0.094555877,0,0,0,0.090909094,0.07692308,0.076190479,0.086179718,6.1551111,5.5,0,7,1,4.1926613,1,0,0,0,0,0,0,1,0
0.4375,0.29333332,0,1,1,0.2647059,0.30516431,0.31111112,0.31688133,5.8017777,5.7,1,9,1,4.7448335,0,1,1,1,0,0,0,1,0
0,0.012048192,0,,,0,0,0,0.0035027449,,,0,7,1,3.4557312,0,1,0,0,1,0,0,0,0
0,0.078313254,0,0,0,0.090909094,0.027027028,0.047619049,0.039371062,,,0,8,1,3.3368855,0,1,0,0,1,0,0,0,0
0.47058824,0.30000001,0,1,0,0.23333333,0.28155339,0.27619049,0.27475324,3.9473684,,0,7,0,3.7735848,0,0,0,0,1,0,0,0,0
0,0.059171598,0,1,0,0.06666667,0.054545455,0.052380953,0.046454877,4.7,4,0,7,1,4.5617313,0,0,0,0,0,0,0,1,0
0.23809524,0.057142857,0,0,0,0.057142857,0.052631579,0.047619049,0.052252274,4.9697778,4.8,0,9,1,5.544385,1,0,0,0,0,0,0,1,0
0,0.035175879,0,0,0,0.052631579,0.019230768,0.023809524,0.027567362,7.2257778,6.8,0,9,1,5.1308365,0,0,0,0,0,0,0,1,0
0,0.099348538,0,0,0,0.14285715,0.14285715,0.13333334,0.13336334,5.8064444,5.1,0,6,1,4.0520649,0,1,0,0,0,0,0,1,0
0.25,0.17333333,1,1,0,0.17333333,0.17906684,0.18221501,0.18368886,3.1588889,2.5,0,12,1,8.4206591,1,1,0,0,0,0,0,0,1
0.46666667,0.28140703,0,1,1,0.27272728,0.31753555,0.32539684,0.31930447,3.4931111,3,0,10,1,4.9480457,0,0,1,1,0,0,0,1,0
0,0.0060975607,0,0,0,0.06666667,0.0095238099,0.0071428572,0.0078330263,2.4211111,,0,7,0,3.4969542,0,1,0,0,1,0,0,0,0
0,0.27439025,0,1,1,0.2,0.21904762,0.22380953,0.22112836,6.4893333,6.8,0,7,0,3.4969542,0,1,0,0,1,0,0,0,0
0,0.022857143,0,0,0,0.030303031,0.02542373,0.02142857,0.020234762,1,,0,9,1,4.6754708,1,0,0,0,0,0,0,1,0
0,0.060975611,0,0,0,0.13333334,0.085714288,0.073809527,0.087315075,7.9902778,,0,7,0,3.4969542,0,1,0,0,1,0,0,0,0
0,0.16,0,0,0,0.16,0.15814394,0.15992063,0.15933573,8.8,,0,10,1,6.7446041,1,1,0,0,0,0,0,0,1
0.40000001,0.25333333,0,1,0,0.22222222,0.24942791,0.26031747,0.26270807,7.2037778,7.4,0,9,1,4.8138638,0,1,0,0,0,0,0,1,0
0.80000001,0.36000001,0,1,1,0.32876712,0.43171805,0.42539683,0.42541984,3.8689841,3.8,1,11,1,4.9195457,1,0,1,1,0,0,0,1,0
0,0.14705883,0,0,0,0.15384616,0.15517241,0.14761905,0.13720056,8.4590475,,0,9,1,5.5655723,1,0,0,0,0,0,0,1,0
0.083333336,0.054441262,0,1,0,0.05882353,0.056451611,0.050000001,0.055117704,7.0141667,,0,8,1,4.5371952,1,0,0,0,0,0,0,1,0
0,0.0060606059,0,0,0,0.034482758,0.012195122,0.011904762,0.013375408,2.031579,,0,9,1,2.9926152,1,1,0,0,1,0,0,0,0
0,0.054644808,0,0,0,0,0,0,0.049170084,2.4916667,,0,4,1,2.9930289,0,1,0,0,0,0,1,0,0
0,0.35217392,0,0,0,0.1,0.027777778,0.033333331,0.054766189,6.1769444,,0,6,1,2.6131198,1,0,0,0,1,1,0,0,0
0,0.083333336,0,0,0,0,0,0,0.047515247,6.3157895,,0,5,1,3.8054969,0,0,0,0,1,0,0,0,0
0.36842105,0.25,0,0,0,0.22222222,0.23076923,0.23333333,0.25308135,7.3684211,,0,6,0,4.3373494,0,0,0,0,1,0,0,0,0
1,0.4969697,0,1,1,0.45454547,0.83783782,0.71428573,0.78536028,5.9926667,6.3,1,7,1,2.8921075,1,1,1,0,1,1,0,0,0
0.58333331,0.34920636,0,1,1,0.33333334,0.33333334,0.33333334,0.35203147,6.9444444,,1,5,1,3.7128158,0,0,1,1,0,0,1,0,0
0,0.063492067,0,0,0,0,0,0,0.029997,5.5980863,,0,5,1,3.7128158,0,0,0,0,0,0,1,0,0
0.875,0.48795182,0,1,1,0.45454547,0.83783782,0.71428573,0.77021253,5.9926667,6.3,1,8,1,3.3368855,0,1,1,1,1,0,0,0,0
0.45454547,0.23809524,0,0,0,0.15384616,0.125,0.13333334,0.15931907,3.8888889,,0,6,1,3.9492538,0,0,0,0,1,0,0,0,0
0,0.023668639,0,0,0,0.05882353,0.023255814,0.01904762,0.044448413,2.031579,,0,7,1,3.0063276,0,1,0,0,1,0,0,0,0
0,0.054644808,0,0,0,0,0,0,0.020511283,4.8805555,,0,5,1,3.4858956,0,1,0,0,0,0,1,0,0
0,0.0086956518,0,0,0,0,0,0,0.022274438,2.1710526,,0,5,1,2.5572851,1,0,0,0,1,0,0,0,0
0.75,0.44544095,0,0,0,0.40000001,0.5,0.5,0.53277671,3.5988889,3.3,1,6,1,3.3013034,0,1,1,0,1,0,0,0,0
0.36363637,0.20634921,0,1,1,0.19047619,0.16666667,0.16666667,0.1931702,3.8888889,,0,7,1,5.3418574,0,0,0,0,0,0,0,0,1
0.54545456,0.41269842,0,1,1,0.40000001,0.5,0.5,0.53754622,6.9444444,,1,5,1,3.7764034,0,0,1,0,1,0,0,0,0
0.5,0.2857143,0,0,0,0.2,0.16666667,0.16666667,0.19467886,4.2982458,,0,5,1,3.6246576,0,0,0,0,1,0,0,0,0
0,0.079365082,0,0,0,0,0,0,0.040779255,2.2222222,,0,5,1,3.7764034,0,0,0,0,1,0,0,0,0
0.78571427,0.41625208,0,1,1,0.33333334,0.33333334,0.33333334,0.3574276,3.5988889,3.3,1,6,1,3.376034,0,1,1,1,0,0,1,0,0
0,0.24260356,0,0,0,0.18181819,0.15384616,0.16666667,0.19191319,9.2444444,9.4,0,7,1,4.0667806,0,0,0,0,1,0,0,0,0
1,0.37535816,0,1,1,0.33333334,0.41818181,0.41904762,0.45643079,3.3653333,2.9,1,7,1,4.293757,1,0,1,1,0,0,0,1,0
0,0.17751479,0,0,0,0.18181819,0.15384616,0.16666667,0.19188653,7.7388889,7.7,0,7,1,4.0667806,0,0,0,0,1,0,0,0,0
0,0.077943616,0,0,0,0,0,0,0.072347768,5.8064444,5.1,0,6,1,3.376034,0,1,0,0,0,0,1,0,0
0.41176471,0.43715847,0,1,1,0.33333334,0.33333334,0.33333334,0.34945673,3.6593333,3,1,4,1,2.633404,0,1,1,1,0,0,1,0,0
0,0.053811658,0,0,0,0,0,0,0.055216145,1.1830556,,0,6,1,3.3013034,0,1,0,0,1,0,0,0,0
0,0.26984128,0,0,0,0.2,0.16666667,0.16666667,0.1983335,4.2982458,,0,5,1,3.454308,0,0,0,0,1,0,0,0,0
0,0.10932476,0,0,0,0,0,0,0.036313035,2.8744444,2.8,0,6,0,4.8344789,0,1,0,0,1,0,0,0,0
0,0.2,0,0,0,0.22222222,0.23076923,0.23333333,0.25599608,7.3684211,,0,5,1,3.8961039,0,0,0,0,1,0,0,0,0
0,0.044642858,0,0,0,0,0,0,0.019401394,1.1830556,,0,6,1,3.4458909,0,1,0,0,1,0,0,0,0
0,0.25396827,0,0,0,0.22222222,0.23076923,0.23333333,0.25072992,6.9444444,,0,5,1,4.1822972,0,0,1,0,1,0,0,0,0
0,0.12607449,0,0,0,0.11111111,0.050000001,0.06666667,0.087142952,6.1551111,5.5,0,6,1,3.665062,1,0,0,0,1,1,0,0,0
0,0.1030303,0,0,0,0.090909094,0.07692308,0.06666667,0.084469646,1.4611111,1.2,0,7,1,4.2347178,1,0,0,0,1,0,0,0,0
0,0.12034384,0,0,0,0.11111111,0.050000001,0.06666667,0.087142952,5.7886666,5.9,0,6,1,3.665062,1,0,0,0,1,1,0,0,0
1,0.48695651,0,0,0,0.40000001,0.5,0.5,0.603333,4.0527778,,1,5,1,2.5572851,1,0,0,0,1,0,0,0,0
0,0.063492067,0,0,0,0,0,0,0.038327836,5.5980863,,0,5,1,3.6246576,0,0,0,0,1,0,0,0,0
0.46666667,0.43715847,0,1,1,0.33333334,0.33333334,0.33333334,0.38257009,3.6593333,3,1,4,1,2.9930289,0,1,1,1,0,0,1,0,0
0.5,0.19047619,0,1,0,0.2,0.16666667,0.16666667,0.19832517,3.8888889,,0,5,1,3.454308,0,0,0,0,1,0,0,0,0
0,0.375,0,0,0,0.2,0.16666667,0.16666667,0.18413492,3.5988889,3.3,0,6,1,3.4458909,0,1,0,0,1,0,0,0,0
0,0.085959889,0,0,0,0.06666667,0.043478262,0.03809524,0.063928127,1.5791111,1.2,0,7,1,4.2252402,1,0,0,0,1,0,0,0,0
0,0.14285715,0,0,0,0.15384616,0.125,0.13333334,0.15210812,2.2222222,,0,6,1,3.9492538,0,0,0,0,1,0,0,0,0
0,0.065217391,0,0,0,0.1,0.027777778,0.033333331,0.054766189,2.9222222,,0,6,1,2.6131198,1,0,0,0,1,1,0,0,0
0.88235295,0.47560975,0,1,1,0.42857143,0.63636363,0.60000002,0.61695033,5.9926667,6.3,1,8,1,2.9687567,1,1,1,1,1,0,0,0,0
0,0.26060605,0,1,1,0.23809524,0.25423729,0.25238094,0.27000836,3.2388889,3,0,8,1,5.3518772,1,0,1,1,0,0,0,0,1
0,0.079365082,0,0,0,0,0,0,0.030463619,1.4473684,,0,5,1,3.7128158,0,0,0,0,0,0,1,0,0
1,0.42173913,0,1,1,0.33333334,0.38461539,0.40000001,0.4250975,4.0527778,,1,5,1,3.13166,1,0,1,1,1,0,0,0,0
0,0.18911175,0,0,0,0.11111111,0.050000001,0.06666667,0.087142952,7.7642222,7.7,0,6,1,3.665062,1,0,0,0,1,1,0,0,0
0,0.0033167496,0,0,0,0,0,0,0.016861647,1.1830556,,0,6,1,3.376034,0,1,0,0,0,0,1,0,0
0,0.14285715,0,0,0,0.2,0.16666667,0.16666667,0.1824051,1.4473684,,0,5,1,3.6246576,0,0,0,0,1,0,0,0,0
0.46666667,0.37158471,0,0,0,0.2857143,0.2857143,0.30000001,0.32702729,3.6593333,3,1,5,1,3.3789728,0,1,0,0,0,0,0,1,0
0.68421054,0.29714286,0,1,1,0.2631579,0.27586207,0.29523811,0.32090864,7.2685714,6.7,1,8,1,5.1061354,1,0,1,1,0,0,0,1,0
0,0.4173913,0,1,1,0.2,0.18000001,0.18333334,0.20414458,4.0527778,,0,6,1,2.5742092,0,0,1,1,1,0,0,0,0
0.875,0.4848485,0,1,1,0.41379312,0.73170733,0.64285713,0.6812942,5.9926667,6.3,1,9,1,2.9926152,1,1,1,0,1,0,0,0,0
0.33333334,0.23232323,0,1,0,0.20454545,0.2590909,0.24404761,0.26100177,7.1597778,7.2,0,10,1,5.1506567,0,0,0,0,0,0,0,0,1
1,0.40606061,0,0,0,0.36363637,0.46153846,0.46666667,0.50049031,3.2388889,3,1,8,1,4.0411162,1,0,1,1,1,0,0,0,0
0,0.13609467,0,1,0,0.13333334,0.12727273,0.11904762,0.13972889,7.7388889,7.7,0,7,1,4.5617313,0,0,0,1,0,0,0,1,0
0.57894737,0.36094674,0,0,0,0.33333334,0.41818181,0.41904762,0.43823236,3.2388889,3,1,7,1,4.5617313,0,0,1,0,0,0,0,1,0
0,0.031746034,0,0,0,0,0,0,0.024342567,5.5980863,,0,5,1,3.454308,0,0,0,0,1,0,0,0,0
0,0.069565214,0,0,0,0.11111111,0.07692308,0.06666667,0.092905708,1.95,,0,5,1,3.13166,1,0,0,0,1,0,0,0,0
0.83333331,0.43949044,0,0,0,0.34090909,0.44339624,0.45476189,0.47472408,6.9677778,,1,9,1,3.0750279,0,1,0,0,1,0,0,0,0
0,0.043715846,0,0,0,0,0,0,0.019406393,2.4916667,,0,4,1,2.633404,0,1,0,0,0,0,1,0,0
0.42857143,0.38797814,0,1,1,0.33333334,0.33333334,0.33333334,0.35385296,3.6593333,3,1,5,1,3.4858956,0,1,1,1,0,0,1,0,0
0.46666667,0.28333333,0,1,0,0.22222222,0.23076923,0.23333333,0.26222879,3.9473684,,0,5,1,3.8961039,0,0,0,0,1,0,0,0,0
0,0.065217391,0,0,0,0.1,0.027777778,0.033333331,0.054766189,7.935,,0,6,1,2.6131198,1,0,0,0,1,1,0,0,0
0,0.049180329,0,0,0,0,0,0,0.020519614,2.4916667,,0,5,1,3.4858956,0,1,0,0,0,0,1,0,0